live_race_id,player_tag,player_name,clan_tag,clan_name,current_fame,current_decks_used,decks_used_today,currently_member,previous_wars_count,last_3_avg_fame,last_3_avg_decks,last_2_avg_decks,last_3_avg_efficiency,last_5_participation_rate,last_5_full_participation_rate,previous_war_fame,previous_war_decks,fame_trend,last_3_fame_std,last_3_decks_std,previous_clan_score,last_3_avg_clan_score,cluster,archetype_name,model_eligible,prediction_tier,rotation_eligible,linear_predicted_fame,participation_probability,predicted_participation,predicted_active_decks,predicted_efficiency,hard_predicted_fame,expected_predicted_fame,final_predicted_fame,daily_participation_weight,capacity_adjusted_fame
Y9202P9U-20260914-section-1,#208UPR90L,SCCP I GoW!,#YV8JLPC2,ILLUMINATI 2.0,0,0,0,1,10.0,2666.6666666666665,16.0,16.0,166.66666666666666,1.0,1.0,2250.0,16.0,-350.0,453.6885862938733,0.0,4877,4890.333333333333,1.0,Reliable High Performer,True,ml_model,1,2475.463948570702,0.978390946152965,1.0,15.92023088023088,166.66666666666666,2653.371813371813,2596.034958980457,2564.4178809712575,0.978390946152965,2564.4178809712575
Y9202P9U-20260914-section-1,#209JLQRPQ,Babsking,#Y9202P9U,Galactic Kings,0,0,0,1,7.0,1066.6666666666667,5.333333333333333,8.0,66.66666666666667,0.4,0.2,0.0,0.0,-3200.0,1847.5208614068024,9.237604307034012,9864,9790.666666666666,0.0,Inconsistent Contributor,True,ml_model,1,1210.7737065893941,0.807535563869473,1.0,11.474682789432796,66.66666666666667,764.9788526288531,617.7476291058633,987.8762796091237,0.8307406743635553,1016.2636092184458
Y9202P9U-20260914-section-1,#20CCYL9,ThunderStruck,#LUG9LVC0,37XU,0,0,0,1,10.0,2900.0,14.333333333333334,14.0,201.25,1.0,0.4,2300.0,12.0,-1200.0,600.0,2.081665999466133,5037,4997.0,1.0,Reliable High Performer,True,ml_model,1,2416.486548614733,0.7461755160013221,1.0,12.246347439597445,201.25,2464.5774222189857,1839.00732974946,2440.5319854168592,0.7461755160013221,2440.5319854168592
Y9202P9U-20260914-section-1,#20CJQRL92,MateusR,#YV8JLPC2,ILLUMINATI 2.0,0,0,2,1,10.0,2766.6666666666665,16.0,16.0,172.91666666666666,1.0,1.0,2700.0,16.0,-100.0,57.735026918962575,0.0,4877,4890.333333333333,1.0,Reliable High Performer,True,ml_model,1,2399.4609229429525,0.9761767330106227,1.0,15.933634920634919,172.91666666666666,2755.191038359788,2689.5533866462033,2577.32598065137,0.9761767330106227,2577.32598065137
Y9202P9U-20260914-section-1,#20G2CY29L,BlackSoldier76,#9VLJRY2J,Gentleman Jack,0,0,0,1,6.0,1766.6666666666667,13.0,12.0,138.33333333333334,1.0,0.4,1950.0,12.0,200.0,175.5942292142123,1.7320508075688772,5091,5027.666666666667,1.0,Reliable High Performer,True,ml_model,1,1536.6090185117164,0.7067495864725197,1.0,12.71967869167869,138.33333333333334,1759.5555523488854,1243.565158998001,1648.082285430301,0.7067495864725197,1648.082285430301
Y9202P9U-20260914-section-1,#20JGR88GC9,MaTrK,#YV8JLPC2,ILLUMINATI 2.0,0,0,0,1,10.0,3000.0,16.0,16.0,187.5,1.0,1.0,2800.0,16.0,-50.0,304.138126514911,0.0,4877,4890.333333333333,1.0,Reliable High Performer,True,ml_model,1,2622.5192953607225,0.9819509634551982,1.0,15.906843795093797,187.5,2982.533211580087,2928.701360648193,2802.5262534704048,0.9819509634551982,2802.5262534704048
Y9202P9U-20260914-section-1,#20V0UCQVC,▶Ryoma,#J29J90P,isao,0,0,0,1,10.0,1116.6666666666667,6.666666666666667,10.0,119.79166666666669,0.4,0.2,2550.0,16.0,1750.0,1304.1600106326423,8.32666399786453,5098,5038.0,0.0,Inconsistent Contributor,True,ml_model,1,1307.1923712780263,0.6095914608539552,1.0,13.219443241943235,119.79166666666669,1583.5791383577837,965.336320329369,1445.3857548179049,0.6095914608539552,1445.3857548179046
Y9202P9U-20260914-section-1,#20YCYCJL2J,⚜️CaptainJack⚜️,#9VLJRY2J,Gentleman Jack,0,0,0,1,7.0,466.6666666666667,4.0,0.0,38.88888888888889,0.4,0.0,0.0,0.0,0.0,808.290376865476,6.928203230275509,5091,5027.666666666667,0.0,Inconsistent Contributor,True,ml_model,1,344.0340449256071,0.24253823996296817,0.0,13.943026196026198,38.88888888888889,0.0,131.51121796329042,172.01702246280354,0.24253823996296817,172.01702246280354
Y9202P9U-20260914-section-1,#22U02YYQ,TAPIR,#J29J90P,isao,0,0,4,1,10.0,2400.0,10.666666666666666,16.0,150.0,0.6,0.4,3600.0,16.0,0.0,2078.460969082653,9.237604307034012,5098,5038.0,0.0,Inconsistent Contributor,True,ml_model,1,2622.801377892439,0.7141588825687042,1.0,13.654958032708034,150.0,2048.243704906205,1462.771435524198,2335.522541399322,0.7141588825687042,2335.522541399322
Y9202P9U-20260914-section-1,#22UC0QQGU,E17,#Y9202P9U,Galactic Kings,0,0,0,0,10.0,2833.3333333333335,14.666666666666666,14.0,191.66666666666663,1.0,0.4,2100.0,12.0,-800.0,702.3769168568493,2.3094010767585034,9864,9790.666666666666,0.0,Inconsistent Contributor,True,ml_model,1,2207.5432980505393,0.7213187428882443,1.0,12.234335571835567,191.66666666666663,2344.91431793515,1691.4306479936272,2276.228807992845,0.7420463515275088,2341.637866568777
Y9202P9U-20260914-section-1,#289C8G22L,fufpfurdzedy,#9VLJRY2J,Gentleman Jack,0,0,0,1,6.0,1716.6666666666667,10.666666666666666,16.0,107.29166666666669,0.8,0.8,2250.0,16.0,-650.0,1521.7862311551294,9.237604307034012,5091,5027.666666666667,0.0,Inconsistent Contributor,True,ml_model,1,2395.8980377170196,0.6595876930984881,1.0,13.106146825396829,107.29166666666669,1406.1803364748685,927.4992442159142,1901.039187095944,0.6595876930984881,1901.039187095944
Y9202P9U-20260914-section-1,#28L8UQV0U,YungGod,#9VLJRY2J,Gentleman Jack,0,0,0,1,8.0,2400.0,16.0,16.0,150.0,1.0,1.0,2500.0,16.0,-600.0,754.983443527075,0.0,5091,5027.666666666667,1.0,Reliable High Performer,True,ml_model,1,2309.6114629595145,0.7476120548807205,1.0,12.434024050024053,150.0,1865.103607503608,1394.373940571217,2087.357535231561,0.7476120548807205,2087.357535231561
Y9202P9U-20260914-section-1,#292LQCL92,Moath_LY,#Y9202P9U,Galactic Kings,0,0,0,0,6.0,1616.6666666666667,8.0,6.0,134.72222222222223,0.8,0.0,2500.0,12.0,2500.0,1402.0817855365403,6.928203230275509,9864,9790.666666666666,0.0,Inconsistent Contributor,True,ml_model,1,1546.1071540521586,0.7692168654444436,1.0,9.811654882154878,134.72222222222223,1321.8479494014211,1016.7877362327266,1433.97755172679,0.7913208608041267,1475.183919622721
Y9202P9U-20260914-section-1,#29GQUV92Q,L3W15RS,#LUG9LVC0,37XU,0,0,0,1,10.0,2883.3333333333335,14.666666666666666,14.0,197.56944444444449,0.8,0.6,2500.0,12.0,-1100.0,621.1548384528074,2.3094010767585034,5037,4997.0,0.0,Inconsistent Contributor,True,ml_model,1,2098.9623710413525,0.819014185566176,1.0,11.829450401450408,197.56944444444449,2337.137943897668,1914.1491296771558,2218.05015746951,0.819014185566176,2218.05015746951
Y9202P9U-20260914-section-1,#29UCQ82J,Warbrook,#LUG9LVC0,37XU,0,0,0,1,9.0,150.0,1.0,0.0,50.0,0.6,0.0,0.0,0.0,0.0,259.8076211353316,1.7320508075688772,5037,4997.0,0.0,Inconsistent Contributor,True,ml_model,1,694.0372831743847,0.12425917319425529,0.0,5.58378376253376,50.0,0.0,34.691817681397644,347.01864158719235,0.12425917319425529,347.01864158719235
Y9202P9U-20260914-section-1,#2C0JYP0U2,Mr Anderson,#YV8JLPC2,ILLUMINATI 2.0,0,0,0,1,10.0,2800.0,16.0,16.0,175.0,1.0,1.0,3000.0,16.0,300.0,173.20508075688772,0.0,4877,4890.333333333333,1.0,Reliable High Performer,True,ml_model,1,2418.926471503847,0.9775566346462273,1.0,15.650170153920152,175.0,2738.779776936027,2677.3123417787274,2578.853124219937,0.9775566346462273,2578.853124219937
Y9202P9U-20260914-section-1,#2CCCVYGCU,mr.destructor3,#YV8JLPC2,ILLUMINATI 2.0,0,0,0,1,10.0,1850.0,10.666666666666666,8.0,115.625,0.8,0.8,2700.0,16.0,2700.0,1603.901493234544,9.237604307034012,4877,4890.333333333333,1.0,Reliable High Performer,True,ml_model,1,2012.1443899187884,0.7855066888653487,1.0,15.50320899470899,115.625,1792.558540013227,1408.0667233630934,1902.3514649660078,0.7855066888653487,1902.351464966008
Y9202P9U-20260914-section-1,#2CU89UY,R7,#YV8JLPC2,ILLUMINATI 2.0,0,0,0,1,10.0,3033.3333333333335,16.0,16.0,189.58333333333337,1.0,1.0,2550.0,16.0,-700.0,419.32485418030416,0.0,4877,4890.333333333333,1.0,Reliable High Performer,True,ml_model,1,2718.403039965661,0.9833654412939997,1.0,14.923305333555343,189.58333333333337,2829.209969486534,2782.1473101575093,2773.8065047260975,0.9833654412939997,2773.8065047260975
Y9202P9U-20260914-section-1,#2G29YV08,DXs,#9VLJRY2J,Gentleman Jack,0,0,0,1,8.0,1733.3333333333333,10.666666666666666,16.0,108.33333333333331,0.8,0.8,2350.0,16.0,-500.0,1521.7862311551296,9.237604307034012,5091,5027.666666666667,0.0,Inconsistent Contributor,True,ml_model,1,2395.31234597424,0.6756200597905245,1.0,13.157573112073115,108.33333333333331,1425.4037538079206,963.0313693733453,1910.3580498910803,0.6756200597905245,1910.3580498910803
Y9202P9U-20260914-section-1,#2GCGCPRV,Pratts,#YV8JLPC2,ILLUMINATI 2.0,0,0,0,1,8.0,2766.6666666666665,16.0,16.0,172.91666666666666,0.6,0.6,3050.0,16.0,800.0,448.1443219916251,0.0,4877,4890.333333333333,0.0,Inconsistent Contributor,True,ml_model,1,1890.7798584030895,0.7875684916745261,1.0,14.84574545824545,172.91666666666666,2567.076818821609,2021.748818211975,2228.9283386123493,0.7875684916745261,2228.9283386123493
Y9202P9U-20260914-section-1,#2GRQQY899,Street spirit,#LUG9LVC0,37XU,0,0,0,1,8.0,2116.6666666666665,12.666666666666666,13.0,162.08333333333334,0.8,0.4,1300.0,10.0,-1800.0,911.5005942583545,3.055050463303893,5037,4997.0,0.0,Inconsistent Contributor,True,ml_model,1,1805.9600612257354,0.7005455892278974,1.0,11.698217208717205,162.08333333333334,1896.086039246247,1328.2947115905524,1851.0230502359914,0.7005455892278974,1851.0230502359914
Y9202P9U-20260914-section-1,#2GU8RUQ,Kai Waa,#LUG9LVC0,37XU,0,0,0,1,1.0,0.0,0.0,0.0,0.0,0.0,0.0,0.0,0.0,0.0,,,5037,4997.0,,Not Enough History,False,limited_history,1,,0.0,,,,,,0.0,0.0,0.0
Y9202P9U-20260914-section-1,#2GYQUP02P,iiCronix,#LUG9LVC0,37XU,0,0,0,1,10.0,3066.6666666666665,16.0,16.0,191.66666666666663,1.0,0.8,2700.0,16.0,-600.0,321.4550253664318,0.0,5037,4997.0,1.0,Reliable High Performer,True,ml_model,1,2651.681475737906,0.9450688162423986,1.0,11.903262866762866,191.66666666666663,2281.458716129549,2156.135488158455,2466.5700959337273,0.9450688162423986,2466.5700959337273
Y9202P9U-20260914-section-1,#2J00R9YP,Pątbøy²¹,#Y9202P9U,Galactic Kings,0,0,0,1,,,,,,,,,,,,,9864,9790.666666666666,,Not Enough History,False,clan_baseline,1,,0.6630308943735641,,,,,,1630.932087423329,0.6820835601053431,1677.798084402652
Y9202P9U-20260914-section-1,#2J9P9LYG8,りくたん,#J29J90P,isao,0,0,0,1,10.0,2150.0,10.666666666666666,16.0,134.375,0.6,0.4,3200.0,16.0,-50.0,1862.122444953607,9.237604307034012,5098,5038.0,0.0,Inconsistent Contributor,True,ml_model,1,2416.4897979136013,0.6372289301396126,1.0,13.79113936988937,134.375,1853.1843528288841,1180.90268250462,2134.8370753712425,0.6372289301396126,2134.8370753712425
Y9202P9U-20260914-section-1,#2JP8QV2V8,Dampfbirne,#9VLJRY2J,Gentleman Jack,0,0,0,1,4.0,1650.0,10.666666666666666,16.0,103.125,0.75,0.75,2250.0,16.0,-450.0,1446.5476141489432,9.237604307034012,5091,5027.666666666667,,Not Enough History,True,ml_model,1,2251.354795685591,0.5650169546151713,1.0,13.152961038961045,103.125,1356.3991071428577,766.388492760595,1803.8769514142243,0.5650169546151713,1803.8769514142243
Y9202P9U-20260914-section-1,#2LPQUJV8Q,寒冰法師❦tzu,#Y9202P9U,Galactic Kings,0,0,0,0,9.0,2616.6666666666665,14.666666666666666,14.0,178.4722222222222,1.0,0.4,2150.0,12.0,-1050.0,534.6338310781813,2.3094010767585034,9864,9790.666666666666,1.0,Reliable High Performer,True,ml_model,1,2012.5710214510593,0.8542228662394825,1.0,12.323831603581603,178.4722222222222,2199.4616125836606,1878.8304028849288,2106.01631701736,0.8787695696721785,2166.534198241756
Y9202P9U-20260914-section-1,#2LU2UGL29,Br4dley,#LUG9LVC0,37XU,0,0,0,1,10.0,2733.3333333333335,16.0,16.0,170.83333333333334,1.0,0.8,3100.0,16.0,500.0,321.4550253664318,0.0,5037,4997.0,1.0,Reliable High Performer,True,ml_model,1,2347.5113569828836,0.9526690996363331,1.0,12.943430976430978,170.83333333333334,2211.1694584736256,2106.512817147427,2279.340407728255,0.9526690996363331,2279.340407728255
Y9202P9U-20260914-section-1,#2P0RCLVY2,MegaTom,#LUG9LVC0,37XU,0,0,0,1,10.0,2200.0,14.666666666666666,14.0,150.0,1.0,0.8,2300.0,16.0,500.0,360.5551275463989,2.3094010767585034,5037,4997.0,1.0,Reliable High Performer,True,ml_model,1,2013.734407749589,0.8213929711369042,1.0,12.865964285714288,150.0,1929.8946428571433,1585.2018946776236,1971.8145253033663,0.8213929711369042,1971.8145253033663
Y9202P9U-20260914-section-1,#2P2LLUC99,Abra,#LUG9LVC0,37XU,0,0,0,1,10.0,2566.6666666666665,15.333333333333334,16.0,166.81547619047618,1.0,0.6,2750.0,16.0,-50.0,361.7089069035118,1.1547005383792517,5037,4997.0,1.0,Reliable High Performer,True,ml_model,1,2308.161884853133,0.8823090043165774,1.0,12.791851805601807,166.81547619047618,2133.878850309468,1882.7405237487494,2221.0203675813004,0.8823090043165774,2221.0203675813004
Y9202P9U-20260914-section-1,#2P8Y9G2CP,芝浦のもこみち,#J29J90P,isao,0,0,0,1,10.0,2016.6666666666667,10.666666666666666,16.0,126.04166666666669,0.6,0.4,2850.0,16.0,-350.0,1755.2302792891116,9.237604307034012,5098,5038.0,0.0,Inconsistent Contributor,True,ml_model,1,2328.2176086954782,0.7374131300219912,1.0,13.273968734968735,126.04166666666669,1673.0731426366845,1233.7461028674468,2000.6453756660812,0.7374131300219912,2000.645375666081
Y9202P9U-20260914-section-1,#2P9LU2YUU,Drew62,#Y9202P9U,Galactic Kings,0,0,0,1,10.0,2866.6666666666665,14.666666666666666,14.0,196.5277777777778,1.0,0.4,2500.0,12.0,-100.0,550.7570547286102,2.3094010767585034,9864,9790.666666666666,1.0,Reliable High Performer,True,ml_model,1,2119.6464351867544,0.8656787836888115,1.0,12.17097077922078,196.5277777777778,2391.9338406385286,2070.646377828069,2255.7901379126415,0.8905546810816457,2320.6118767236208
Y9202P9U-20260914-section-1,#2PQPCUVUL,⭐️letipelissari,#YV8JLPC2,ILLUMINATI 2.0,0,0,0,1,10.0,2516.6666666666665,16.0,16.0,157.29166666666666,1.0,1.0,2400.0,16.0,100.0,292.97326385411577,0.0,4877,4890.333333333333,1.0,Reliable High Performer,True,ml_model,1,2298.926181200744,0.9858814165070601,1.0,15.892682539682543,157.29166666666666,2499.7865244708996,2464.4930797106313,2399.356352835822,0.9858814165070601,2399.356352835822
Y9202P9U-20260914-section-1,#2PQRRV0C9,ĐǤ ΔИĐЄЯSØИ,#YV8JLPC2,ILLUMINATI 2.0,0,0,0,1,10.0,2483.3333333333335,16.0,16.0,155.20833333333334,1.0,1.0,2150.0,16.0,-550.0,292.97326385411577,0.0,4877,4890.333333333333,1.0,Reliable High Performer,True,ml_model,1,2316.514016268037,0.9928229383492032,1.0,15.924072751322752,155.20833333333334,2471.548791611552,2453.810333561204,2394.0314039397945,0.9928229383492032,2394.0314039397945
Y9202P9U-20260914-section-1,#2QG90GRPQ,⚽David,#YV8JLPC2,ILLUMINATI 2.0,0,0,0,1,7.0,2883.3333333333335,16.0,16.0,180.20833333333337,1.0,1.0,2850.0,16.0,100.0,152.75252316519467,0.0,4877,4890.333333333333,1.0,Reliable High Performer,True,ml_model,1,2490.06644782836,0.9943636477854303,1.0,15.805186507936504,180.20833333333337,2848.2263186177247,2832.172711899188,2669.1463832230424,0.9943636477854303,2669.1463832230424
Y9202P9U-20260914-section-1,#2QJCUU8C8,MK506,#Y9202P9U,Galactic Kings,0,0,0,1,2.0,450.0,4.0,4.0,112.5,1.0,0.0,500.0,4.0,100.0,70.71067811865476,0.0,9864,9790.666666666666,,Not Enough History,False,limited_history,1,,1.0,,,,,,450.0,1.0,450.0
Y9202P9U-20260914-section-1,#2QPL80RYP,AllanSilva,#YV8JLPC2,ILLUMINATI 2.0,0,0,0,1,1.0,3000.0,16.0,16.0,187.5,1.0,1.0,3000.0,16.0,0.0,,,4877,4890.333333333333,,Not Enough History,False,limited_history,1,,1.0,,,,,,3000.0,1.0,3000.0
Y9202P9U-20260914-section-1,#2RCY9902Y,ジュン,#J29J90P,isao,0,0,0,1,10.0,1850.0,10.666666666666666,16.0,115.625,0.6,0.4,2700.0,16.0,-150.0,1603.901493234544,9.237604307034012,5098,5038.0,0.0,Inconsistent Contributor,True,ml_model,1,2172.139004128493,0.7338525335159164,1.0,13.587861712361715,115.625,1571.0965104918232,1152.95315462244,1871.6177573101581,0.7338525335159164,1871.6177573101581
Y9202P9U-20260914-section-1,#2RJPRL89C,Riley,#LUG9LVC0,37XU,0,0,0,1,10.0,2133.3333333333335,14.666666666666666,14.0,146.5277777777778,1.0,0.6,1900.0,12.0,-500.0,251.66114784235833,2.3094010767585034,5037,4997.0,1.0,Reliable High Performer,True,ml_model,1,1776.626528000157,0.7616735339235855,1.0,11.70648280423281,146.5277777777778,1715.3249108980021,1306.5175867108408,1745.9757194490794,0.7616735339235855,1745.9757194490794
Y9202P9U-20260914-section-1,#2RLPV2QV9,TJ Trav,#LUG9LVC0,37XU,0,0,0,1,10.0,3216.6666666666665,16.0,16.0,201.04166666666663,1.0,0.6,3200.0,16.0,100.0,125.83057392117917,0.0,5037,4997.0,1.0,Reliable High Performer,True,ml_model,1,2630.5775686753286,0.967239264418044,1.0,12.702351444851447,201.04166666666663,2553.701905058676,2470.040752191911,2592.1397368670023,0.967239264418044,2592.1397368670023
Y9202P9U-20260914-section-1,#2RPVU222P,ttv btw,#LUG9LVC0,37XU,0,0,0,1,10.0,2966.6666666666665,16.0,16.0,185.41666666666663,1.0,0.8,2750.0,16.0,-200.0,225.46248764114472,0.0,5037,4997.0,1.0,Reliable High Performer,True,ml_model,1,2536.6876097833997,0.9885975993002073,1.0,12.42042328042328,185.41666666666663,2302.9534832451495,2276.694284836205,2419.8205465142746,0.9885975993002073,2419.8205465142746
Y9202P9U-20260914-section-1,#2ULQP2QPQ,Agentㅣ지케이✨,#Y9202P9U,Galactic Kings,0,0,0,0,5.0,0.0,0.0,0.0,0.0,0.0,0.0,0.0,0.0,0.0,0.0,0.0,9864,9790.666666666666,,Not Enough History,True,ml_model,1,30.168951513941295,0.029445967940624585,0.0,8.484457792207792,0.0,0.0,0.0,15.084475756970647,0.030292118835073416,9.138814643898778
Y9202P9U-20260914-section-1,#2UVCJPPG,Alim,#Y9202P9U,Galactic Kings,0,0,0,1,10.0,2666.6666666666665,13.333333333333334,14.0,202.08333333333337,1.0,0.2,2600.0,12.0,-300.0,208.16659994661327,2.3094010767585034,9864,9790.666666666666,1.0,Reliable High Performer,True,ml_model,1,1978.3556157550336,0.9133633482559014,1.0,11.375868446368445,202.08333333333337,2298.8734152036236,2099.7067197268607,2138.6145154793285,0.9396094956279928,2200.0691291908893
Y9202P9U-20260914-section-1,#2V00C0QJV,KENNEDYケネディ,#YV8JLPC2,ILLUMINATI 2.0,0,0,0,1,10.0,1900.0,12.0,14.0,155.55555555555554,1.0,0.6,2800.0,16.0,1100.0,818.535277187245,4.0,4877,4890.333333333333,1.0,Reliable High Performer,True,ml_model,1,2129.985657104997,0.8675283837058686,1.0,15.357636483886488,155.55555555555554,2388.9656752712312,2072.4955309968504,2259.475666188114,0.8675283837058686,2259.475666188114
Y9202P9U-20260914-section-1,#2V92CYQLG,faby21,#9VLJRY2J,Gentleman Jack,0,0,0,1,4.0,1800.0,13.333333333333334,12.0,138.8888888888889,1.0,0.5,1600.0,12.0,-600.0,346.41016151377545,2.3094010767585034,5091,5027.666666666667,,Not Enough History,True,ml_model,1,1605.987279471548,0.6383043130337107,1.0,11.876414502164502,138.8888888888889,1649.5020141895145,1052.8842500149603,1627.744646830531,0.6383043130337107,1627.744646830531
Y9202P9U-20260914-section-1,#2VCVPUVV,vCxki,#9VLJRY2J,Gentleman Jack,0,0,0,1,6.0,2383.3333333333335,14.666666666666666,14.0,164.93055555555554,1.0,0.8,2300.0,12.0,-850.0,728.5830998131465,2.3094010767585034,5091,5027.666666666667,1.0,Reliable High Performer,True,ml_model,1,2050.1933793222615,0.556174970875639,1.0,12.626520683020685,164.93055555555554,2082.499070984314,1158.2338601532463,2066.346225153288,0.556174970875639,2066.346225153288
Y9202P9U-20260914-section-1,#2VLV2V,smok3st4r,#LUG9LVC0,37XU,0,0,0,1,10.0,2316.6666666666665,13.333333333333334,12.0,168.75,0.8,0.4,1150.0,8.0,-1450.0,1053.9607835841584,4.618802153517006,5037,4997.0,0.0,Inconsistent Contributor,True,ml_model,1,1714.5010161326286,0.2838537480643784,0.0,10.957410811410812,168.75,0.0,524.863484083142,857.2505080663143,0.2838537480643784,857.2505080663143
Y9202P9U-20260914-section-1,#2VQUPCJJR,pedro royale,#YV8JLPC2,ILLUMINATI 2.0,0,0,0,1,10.0,2650.0,16.0,16.0,165.625,1.0,1.0,2700.0,16.0,250.0,180.27756377319943,0.0,4877,4890.333333333333,1.0,Reliable High Performer,True,ml_model,1,2336.9128261935143,0.9841169366795597,1.0,15.835886243386248,165.625,2622.8186590608475,2581.1602642209514,2479.865742627181,0.9841169366795597,2479.865742627181
Y9202P9U-20260914-section-1,#2VYLGPPUV,Nadir,#Y9202P9U,Galactic Kings,0,0,0,1,10.0,2733.3333333333335,14.666666666666666,14.0,184.375,1.0,0.4,1950.0,12.0,-1350.0,700.5949852327901,2.3094010767585034,9864,9790.666666666666,1.0,Reliable High Performer,True,ml_model,1,2173.4062914013,0.6538370645590552,1.0,12.33574562474562,184.375,2274.4030995624735,1487.0890462419445,2223.904695481887,0.6726255390325728,2287.8101833587116
Y9202P9U-20260914-section-1,#2YRG9U98J,Theseus,#LUG9LVC0,37XU,0,0,0,1,10.0,2583.3333333333335,14.666666666666666,14.0,177.43055555555554,1.0,0.6,2300.0,12.0,-350.0,256.58007197234423,2.3094010767585034,5037,4997.0,1.0,Reliable High Performer,True,ml_model,1,2046.4675602055618,0.8590917207995141,1.0,12.509589133089138,177.43055555555554,2219.583349655746,1906.8256793137045,2133.0254549306537,0.8590917207995141,2133.0254549306537
Y9202P9U-20260914-section-1,#2YU90RUQQ,Mole,#LUG9LVC0,37XU,0,0,0,1,10.0,2966.6666666666665,16.0,16.0,185.41666666666663,0.8,0.6,2550.0,16.0,-550.0,368.5557397915997,0.0,5037,4997.0,0.0,Inconsistent Contributor,True,ml_model,1,2323.563517244259,0.9392536625506464,1.0,12.011327635327635,185.41666666666663,2227.1003323836653,2091.8121440591194,2275.3319248139624,0.9392536625506464,2275.3319248139624
Y9202P9U-20260914-section-1,#802JPV9YU,ビクティニ,#J29J90P,isao,0,0,0,1,6.0,2016.6666666666667,10.666666666666666,16.0,126.04166666666669,0.6,0.4,2950.0,16.0,-150.0,1748.0942003603047,9.237604307034012,5098,5038.0,0.0,Inconsistent Contributor,True,ml_model,1,2312.045501202056,0.7098478631957893,1.0,13.241012385762382,126.04166666666669,1668.9192694554672,1184.678777269241,1990.4823853287617,0.7098478631957893,1990.4823853287617
Y9202P9U-20260914-section-1,#82LJJUUJ,子供は要らないお腹に出す,#J29J90P,isao,0,0,0,1,7.0,1983.3333333333333,10.666666666666666,16.0,123.95833333333331,0.6,0.4,2900.0,16.0,-150.0,1719.2537140670463,9.237604307034012,5098,5038.0,0.0,Inconsistent Contributor,True,ml_model,1,2284.063676863057,0.7142287947721846,1.0,13.44438936988937,123.95833333333331,1666.5440989758695,1190.2937832462317,1975.3038879194633,0.7142287947721846,1975.3038879194633
Y9202P9U-20260914-section-1,#82LY8YR90,裏切りやん,#J29J90P,isao,0,0,0,1,9.0,1850.0,10.666666666666666,16.0,115.625,0.6,0.4,2650.0,16.0,-250.0,1607.0158679988197,9.237604307034012,5098,5038.0,0.0,Inconsistent Contributor,True,ml_model,1,2180.102612749859,0.7416580981276787,1.0,13.630439754689755,115.625,1576.019596636003,1168.8676966530093,1878.061104692931,0.7416580981276787,1878.061104692931
Y9202P9U-20260914-section-1,#882C2UVRP,Ford Prefect,#9VLJRY2J,Gentleman Jack,0,0,0,1,8.0,2166.6666666666665,14.666666666666666,16.0,143.75,1.0,0.8,2650.0,16.0,0.0,837.1578903249574,2.3094010767585034,5091,5027.666666666667,1.0,Reliable High Performer,True,ml_model,1,2223.343294490647,0.7111666738016889,1.0,13.324058441558442,143.75,1915.333400974026,1362.1212839919747,2069.338347732337,0.7111666738016889,2069.338347732337
Y9202P9U-20260914-section-1,#889P0CLGL,Aziu,#YV8JLPC2,ILLUMINATI 2.0,0,0,0,1,7.0,2600.0,16.0,16.0,162.5,1.0,0.8,2500.0,16.0,-150.0,86.60254037844386,0.0,4877,4890.333333333333,1.0,Reliable High Performer,True,ml_model,1,2290.275385683734,0.9776068627640371,1.0,15.553600529100533,162.5,2527.4600859788366,2470.862325415094,2408.8677358312852,0.9776068627640371,2408.8677358312852
Y9202P9U-20260914-section-1,#88RLJG09Q,brenno,#YV8JLPC2,ILLUMINATI 2.0,0,0,0,1,,,,,,,,,,,,,4877,4890.333333333333,,Not Enough History,False,clan_baseline,1,,0.9427314032657821,,,,,,2506.6849618802667,0.9427314032657821,2506.6849618802667
Y9202P9U-20260914-section-1,#88YRCPUPY,『AL』L - in,#Y9202P9U,Galactic Kings,0,0,4,1,5.0,2150.0,10.666666666666666,14.0,186.11111111111111,1.0,0.2,2500.0,12.0,-900.0,1456.8802284333465,6.110100926607787,9864,9790.666666666666,,Not Enough History,True,ml_model,1,2210.7726963469604,0.8062825205316615,1.0,11.066375679875684,186.11111111111111,2059.5754737546413,1660.599704204083,2135.174085050801,0.8294516239315565,2196.529835539721
Y9202P9U-20260914-section-1,#89CJJPVV,Reco,#9VLJRY2J,Gentleman Jack,0,0,4,1,7.0,2483.3333333333335,16.0,16.0,155.20833333333334,1.0,1.0,2250.0,16.0,-350.0,202.07259421636903,0.0,5091,5027.666666666667,1.0,Reliable High Performer,True,ml_model,1,2227.122918331746,0.743087638776921,1.0,12.430129629629635,155.20833333333334,1929.2597029320996,1433.6090372392778,2078.1913106319225,0.743087638776921,2078.1913106319225
Y9202P9U-20260914-section-1,#89YVJCGQL,♤♧H9♧♤,#YV8JLPC2,ILLUMINATI 2.0,0,0,0,1,10.0,2766.6666666666665,16.0,16.0,172.91666666666666,1.0,1.0,2950.0,16.0,250.0,160.7275126832159,0.0,4877,4890.333333333333,1.0,Reliable High Performer,True,ml_model,1,2397.2197196284096,0.9878500567794815,1.0,15.574560365560364,172.91666666666666,2693.1010632114794,2660.380038206342,2545.1603914199445,0.9878500567794815,2545.1603914199445
Y9202P9U-20260914-section-1,#8GL0Y9YQQ,andrei,#LUG9LVC0,37XU,0,0,0,1,10.0,3150.0,16.0,16.0,196.875,1.0,0.8,3050.0,16.0,-250.0,132.28756555322954,0.0,5037,4997.0,1.0,Reliable High Performer,True,ml_model,1,2622.7827565906155,0.987451071423204,1.0,12.436396825396825,196.875,2448.415625,2417.6906321955635,2535.5991907953075,0.987451071423204,2535.5991907953075
Y9202P9U-20260914-section-1,#8GLVRJ0GC,HENRIQUE,#YV8JLPC2,ILLUMINATI 2.0,0,0,0,1,10.0,2483.3333333333335,16.0,16.0,155.20833333333334,1.0,1.0,2300.0,16.0,-300.0,160.7275126832159,0.0,4877,4890.333333333333,1.0,Reliable High Performer,True,ml_model,1,2261.3101782733083,0.9750634719884793,1.0,15.898436507936504,155.20833333333334,2467.569833002645,2406.0372087415913,2364.4400056379764,0.9750634719884793,2364.4400056379764
Y9202P9U-20260914-section-1,#8JQ80RG08,LUCAS,#YV8JLPC2,ILLUMINATI 2.0,0,0,0,1,3.0,2650.0,16.0,16.0,165.625,1.0,1.0,2700.0,16.0,450.0,377.4917217635375,0.0,4877,4890.333333333333,,Not Enough History,True,ml_model,1,2382.7066362673772,0.9824788075036116,1.0,15.726972222222225,165.625,2604.7797743055557,2559.1409264692493,2493.7432052864665,0.9824788075036116,2493.7432052864665
Y9202P9U-20260914-section-1,#8LYJ8U92R,Navarro,#YV8JLPC2,ILLUMINATI 2.0,0,0,0,1,10.0,2633.3333333333335,16.0,16.0,164.58333333333334,1.0,1.0,2450.0,16.0,-50.0,275.3785273643051,0.0,4877,4890.333333333333,1.0,Reliable High Performer,True,ml_model,1,2378.9595261285776,0.9783306240161318,1.0,15.82927777777778,164.58333333333334,2605.2353009259264,2548.7814776637165,2492.097413527252,0.9783306240161318,2492.097413527252
Y9202P9U-20260914-section-1,#8P90V020,Whyte,#9VLJRY2J,Gentleman Jack,0,0,0,1,6.0,2333.3333333333335,15.0,16.0,153.0448717948718,1.0,0.8,2550.0,16.0,-400.0,748.8880646220323,1.7320508075688772,5091,5027.666666666667,1.0,Reliable High Performer,True,ml_model,1,2307.289796319395,0.6984472399155777,1.0,13.137828282828282,153.0448717948718,2010.6772452084952,1404.3519722769306,2158.9835207639453,0.6984472399155777,2158.9835207639453
Y9202P9U-20260914-section-1,#8PCVV20,sabigol,#YV8JLPC2,ILLUMINATI 2.0,0,0,0,1,10.0,2800.0,16.0,16.0,175.0,1.0,1.0,2400.0,16.0,-600.0,346.41016151377545,0.0,4877,4890.333333333333,1.0,Reliable High Performer,True,ml_model,1,2539.9991918260766,0.9583733608607448,1.0,15.847970899470898,175.0,2773.394907407407,2657.947798406111,2656.697049616742,0.9583733608607448,2656.697049616742
Y9202P9U-20260914-section-1,#8PPP02LPP,I AM SOO COOL,#Y9202P9U,Galactic Kings,0,0,0,1,12.0,1650.0,8.0,12.0,137.5,0.6,0.0,2600.0,12.0,250.0,1434.398828778105,6.928203230275509,9864,9790.666666666666,0.0,Inconsistent Contributor,True,ml_model,1,1683.816035351091,0.7592067157784477,1.0,11.157685925185925,137.5,1534.1818147130648,1164.7611369553247,1608.9989250320778,0.7810230623466042,1655.2346569437734
Y9202P9U-20260914-section-1,#8Q2P8YLCQ,BOMヴァー,#J29J90P,isao,0,0,0,1,10.0,2050.0,10.666666666666666,16.0,128.125,0.6,0.4,2850.0,16.0,-450.0,1789.553016817328,9.237604307034012,5098,5038.0,0.0,Inconsistent Contributor,True,ml_model,1,2364.8021368536265,0.6961160251001104,1.0,13.417857623857625,128.125,1719.1630080567581,1196.7369196676195,2041.9825724551924,0.6961160251001104,2041.9825724551922
Y9202P9U-20260914-section-1,#8QPPC00LP,るる,#J29J90P,isao,0,0,0,1,10.0,2200.0,10.666666666666666,16.0,137.5,0.6,0.4,3000.0,16.0,-600.0,1928.730152198591,9.237604307034012,5098,5038.0,0.0,Inconsistent Contributor,True,ml_model,1,2503.9406115485885,0.7032907375146595,1.0,13.270956830206833,137.5,1824.7565641534395,1283.3343897881887,2164.348587851014,0.7032907375146595,2164.348587851014
Y9202P9U-20260914-section-1,#8QR0CRVL0,hog rider,#Y9202P9U,Galactic Kings,0,0,0,0,13.0,1383.3333333333333,8.0,8.0,174.30555555555554,1.0,0.0,700.0,4.0,-1300.0,652.5590650150631,4.0,9864,9790.666666666666,0.0,Inconsistent Contributor,True,ml_model,1,1135.9119058288795,0.7408579449039051,1.0,9.356559181559176,174.30555555555554,1630.9002462301062,1208.2654047653093,1383.4060760294929,0.7621470264516407,1423.1592364954238
Y9202P9U-20260914-section-1,#8QR889J2,Archon,#9VLJRY2J,Gentleman Jack,0,0,0,1,8.0,2733.3333333333335,16.0,16.0,170.83333333333334,0.8,0.8,3200.0,16.0,-100.0,896.2886439832502,0.0,5091,5027.666666666667,0.0,Inconsistent Contributor,True,ml_model,1,2239.1389531609943,0.8392469311393916,1.0,13.427499037999038,170.83333333333334,2293.8644189915026,1925.118674088462,2266.5016860762485,0.8392469311393916,2266.5016860762485
Y9202P9U-20260914-section-1,#8QV2PUGGL,Jules,#9VLJRY2J,Gentleman Jack,0,0,0,1,8.0,850.0,5.333333333333333,8.0,53.125,0.6,0.6,2550.0,16.0,2550.0,1472.2431864335456,9.237604307034012,5091,5027.666666666667,0.0,Inconsistent Contributor,True,ml_model,1,1831.8463318248762,0.7209270848285538,1.0,13.682402477152475,53.125,726.8776315987253,524.0257719755525,1279.3619817118008,0.7209270848285538,1279.3619817118008
Y9202P9U-20260914-section-1,#8R2CCRQR,Sidan23,#9VLJRY2J,Gentleman Jack,0,0,0,1,7.0,1800.0,11.333333333333334,16.0,141.66666666666666,0.8,0.6,2550.0,16.0,-100.0,1386.5424623862048,8.082903768654761,5091,5027.666666666667,0.0,Inconsistent Contributor,True,ml_model,1,2103.48375715056,0.7718077648235783,1.0,12.94192593517594,141.66666666666666,1833.439507483258,1415.0628482098955,1968.461632316909,0.7718077648235783,1968.4616323169091
Y9202P9U-20260914-section-1,#8R2V2CCUY,lucas alves,#YV8JLPC2,ILLUMINATI 2.0,0,0,0,1,10.0,816.6666666666666,5.0,7.5,54.44444444444445,0.4,0.0,2450.0,15.0,2450.0,1414.5081595145832,8.660254037844387,4877,4890.333333333333,0.0,Inconsistent Contributor,True,ml_model,1,1519.7063009974136,0.7383915229859933,1.0,12.324811327561328,54.44444444444445,671.0175056116724,495.47363791886505,1095.361903304543,0.7383915229859933,1095.361903304543
Y9202P9U-20260914-section-1,#8R8CYV8QP,Esdeath,#Y9202P9U,Galactic Kings,0,0,0,1,6.0,2750.0,14.666666666666666,16.0,187.5,1.0,0.4,2600.0,16.0,-800.0,589.4913061275798,2.3094010767585034,9864,9790.666666666666,1.0,Reliable High Performer,True,ml_model,1,2382.6184117086004,0.8619716790218874,1.0,11.984104858104859,187.5,2247.019660894661,1936.867309896563,2314.8190363016306,0.886741050117605,2381.3370126168716
Y9202P9U-20260914-section-1,#8R8RJLUR,G̾ᵒᵈᶻシ︎Տᵖʳᵘᵈᵉˡ,#9VLJRY2J,Gentleman Jack,0,0,0,1,8.0,2283.3333333333335,16.0,16.0,142.70833333333334,0.8,0.8,2400.0,16.0,-450.0,633.1139971074193,0.0,5091,5027.666666666667,0.0,Inconsistent Contributor,True,ml_model,1,1916.9633572482296,0.7274767084155107,1.0,13.345633838383844,142.70833333333334,1904.5331623526945,1385.5035160165216,1910.7482598004622,0.7274767084155107,1910.7482598004622
Y9202P9U-20260914-section-1,#8RCCQYVPC,ばなな,#J29J90P,isao,0,0,0,1,10.0,2200.0,10.666666666666666,16.0,137.5,0.6,0.4,3200.0,16.0,-200.0,1907.8784028338912,9.237604307034012,5098,5038.0,0.0,Inconsistent Contributor,True,ml_model,1,2469.820549980379,0.673342460817778,1.0,13.501512385762384,137.5,1856.4579530423277,1250.0319665062561,2163.1392515113535,0.673342460817778,2163.1392515113535
Y9202P9U-20260914-section-1,#8RQCGY8CQ,GK｜Logan,#Y9202P9U,Galactic Kings,0,0,0,1,14.0,2300.0,10.666666666666666,8.0,217.36111111111111,1.0,0.2,2500.0,12.0,1600.0,1311.4877048604,6.110100926607787,9864,9790.666666666666,0.0,Inconsistent Contributor,True,ml_model,1,1751.670658943475,0.7100135361806843,1.0,12.21158429533429,217.36111111111111,2654.3235308608564,1884.605636314116,2202.997094902166,0.7304162816404867,2266.301787961616
Y9202P9U-20260914-section-1,#8U2CYP0,Honcro,#LUG9LVC0,37XU,0,0,0,1,6.0,1733.3333333333333,10.666666666666666,16.0,108.33333333333331,0.6,0.6,2100.0,16.0,-1000.0,1582.1925715074424,9.237604307034012,5037,4997.0,0.0,Inconsistent Contributor,True,ml_model,1,2183.9294347141495,0.8147433697136673,1.0,12.687585932585932,108.33333333333331,1374.4884760301425,1119.8553725934016,1779.208955372146,0.8147433697136673,1779.208955372146
Y9202P9U-20260914-section-1,#8U8CV0VYJ,TJ,#J29J90P,isao,0,0,0,1,10.0,2116.6666666666665,10.666666666666666,16.0,132.29166666666666,0.6,0.4,3000.0,16.0,-350.0,1841.421552315855,9.237604307034012,5098,5038.0,0.0,Inconsistent Contributor,True,ml_model,1,2412.073963806342,0.6683812760551807,1.0,13.564266354016354,132.29166666666666,1794.4394030834133,1199.3696980365887,2103.2566834448776,0.6683812760551807,2103.2566834448776
Y9202P9U-20260914-section-1,#8UR9GLUG,shriyawn,#Y9202P9U,Galactic Kings,0,0,0,1,10.0,2633.3333333333335,14.666666666666666,14.0,179.16666666666666,1.0,0.4,2100.0,12.0,-750.0,464.5786621588785,2.3094010767585034,9864,9790.666666666666,1.0,Reliable High Performer,True,ml_model,1,1999.882072887024,0.8424731255728642,1.0,12.59907535057535,179.16666666666666,2257.33433364475,1901.7435115286314,2128.608203265887,0.8666821918256703,2189.7752784578583
Y9202P9U-20260914-section-1,#8V2Q2GVGU,polski koks,#Y9202P9U,Galactic Kings,0,0,0,1,10.0,2333.3333333333335,10.666666666666666,8.0,145.83333333333334,0.6,0.4,0.0,0.0,-3500.0,2020.7259421636904,9.237604307034012,9864,9790.666666666666,0.0,Inconsistent Contributor,True,ml_model,1,1567.4467496833292,0.626369399770297,1.0,10.818969215969213,145.83333333333334,1577.7663439955104,988.2645578662439,1572.60654683942,0.6443685713016837,1617.7965178027596
Y9202P9U-20260914-section-1,#8VL0CJ90Q,海老カツ,#J29J90P,isao,0,0,0,1,10.0,2183.3333333333335,10.666666666666666,16.0,136.45833333333334,0.6,0.4,3050.0,16.0,-450.0,1904.162107944944,9.237604307034012,5098,5038.0,0.0,Inconsistent Contributor,True,ml_model,1,2476.526237205465,0.6812439824182891,1.0,13.451472703222706,136.45833333333334,1835.5655459605985,1250.4679825199994,2156.045891583032,0.6812439824182891,2156.045891583032
Y9202P9U-20260914-section-1,#8VYQG0PL,rafa085,#YV8JLPC2,ILLUMINATI 2.0,0,0,0,1,1.0,2850.0,16.0,16.0,178.125,1.0,1.0,2850.0,16.0,0.0,,,4877,4890.333333333333,,Not Enough History,False,limited_history,1,,1.0,,,,,,2850.0,1.0,2850.0
Y9202P9U-20260914-section-1,#8YGLJYV92,Akren,#Y9202P9U,Galactic Kings,0,0,0,1,7.0,2633.3333333333335,14.666666666666666,14.0,178.125,1.0,0.6,1950.0,12.0,-1250.0,633.1139971074193,2.3094010767585034,9864,9790.666666666666,1.0,Reliable High Performer,True,ml_model,1,2095.1069284691102,0.6769836176528381,1.0,11.96943314093314,178.125,2132.0552782287155,1443.3664952911042,2113.5811033489126,0.6964372248414088,2174.316364104987
Y9202P9U-20260914-section-1,#9002L2R9R,JSN✨,#Y9202P9U,Galactic Kings,0,0,0,1,7.0,2150.0,12.0,14.0,181.5972222222222,0.6,0.2,2150.0,12.0,-600.0,600.0,4.0,9864,9790.666666666666,0.0,Inconsistent Contributor,True,ml_model,1,1331.2935705101015,0.852920963104299,1.0,12.08145362045362,181.5972222222222,2193.9584178809873,1871.2731267898357,1762.6259941955445,0.8774302554216754,1813.2763095315765
Y9202P9U-20260914-section-1,#90PYC2P2,▁ ▂ ▃ ▄ ▅ ▆ █ Ⓓ,#Y9202P9U,Galactic Kings,0,0,0,1,10.0,1766.6666666666667,9.333333333333334,14.0,127.08333333333331,0.6,0.2,2400.0,12.0,-500.0,1550.268793897798,8.326663997864532,9864,9790.666666666666,0.0,Inconsistent Contributor,True,ml_model,1,1805.3784432305417,0.5821651792453142,1.0,10.99121165871165,127.08333333333331,1396.799814961272,813.1682146467507,1601.0891290959069,0.5988941109662437,1647.097567378818
Y9202P9U-20260914-section-1,#90UPG8CL0,Edik,#9VLJRY2J,Gentleman Jack,0,0,0,1,8.0,1900.0,10.666666666666666,16.0,118.75,0.8,0.8,2750.0,16.0,-200.0,1648.4841521834535,9.237604307034012,5091,5027.666666666667,0.0,Inconsistent Contributor,True,ml_model,1,2509.1278652848277,0.798366107592942,1.0,13.488044973544973,118.75,1601.7053406084656,1278.747258292408,2055.416602946647,0.798366107592942,2055.416602946647
Y9202P9U-20260914-section-1,#90V8G02VQ,Leandroir,#YV8JLPC2,ILLUMINATI 2.0,0,0,0,1,10.0,2550.0,16.0,16.0,159.375,1.0,1.0,2650.0,16.0,50.0,132.28756555322954,0.0,4877,4890.333333333333,1.0,Reliable High Performer,True,ml_model,1,2263.9904891438273,0.9888399508698691,1.0,15.893589105339107,159.375,2533.04076366342,2504.771904292312,2398.5156264036236,0.9888399508698691,2398.5156264036236
Y9202P9U-20260914-section-1,#92CLUJ82C,♾❤️BART❤️♾,#YV8JLPC2,ILLUMINATI 2.0,0,0,0,1,,,,,,,,,,,,,4877,4890.333333333333,,Not Enough History,False,clan_baseline,1,,0.9427314032657821,,,,,,2506.6849618802667,0.9427314032657821,2506.6849618802667
Y9202P9U-20260914-section-1,#92UGJGJCV,Minato Kushina,#YV8JLPC2,ILLUMINATI 2.0,0,0,0,1,10.0,2866.6666666666665,16.0,16.0,179.16666666666666,1.0,1.0,2650.0,16.0,-250.0,202.07259421636903,0.0,4877,4890.333333333333,1.0,Reliable High Performer,True,ml_model,1,2518.2098016416435,0.9953772562974528,1.0,15.97890873015873,179.16666666666666,2862.887814153439,2849.6534175394618,2690.5488078975413,0.9953772562974528,2690.5488078975413
Y9202P9U-20260914-section-1,#999QVQQJ8,K̶N̶G̶ ᴹᵀ,#YV8JLPC2,ILLUMINATI 2.0,0,0,0,1,10.0,2683.3333333333335,16.0,16.0,167.70833333333334,1.0,1.0,2600.0,16.0,-350.0,236.29078131263043,0.0,4877,4890.333333333333,1.0,Reliable High Performer,True,ml_model,1,2404.7498311866066,0.978540783715242,1.0,15.939411255411255,167.70833333333334,2673.172095959596,2615.807917786019,2538.9609635731013,0.978540783715242,2538.9609635731013
Y9202P9U-20260914-section-1,#99UU8P0V,<c5>マーボー,#J29J90P,isao,0,0,0,1,10.0,2200.0,10.666666666666666,16.0,137.5,0.6,0.4,3200.0,16.0,-200.0,1907.8784028338912,9.237604307034012,5098,5038.0,0.0,Inconsistent Contributor,True,ml_model,1,2469.820549980379,0.673342460817778,1.0,13.501512385762384,137.5,1856.4579530423277,1250.0319665062561,2163.1392515113535,0.673342460817778,2163.1392515113535
Y9202P9U-20260914-section-1,#99V29PPLU,▁ ▂ ▃ ▄ ▅ ▆ █Ⓣ,#Y9202P9U,Galactic Kings,0,0,0,1,10.0,1733.3333333333333,10.666666666666666,16.0,108.33333333333331,0.4,0.4,2200.0,16.0,-800.0,1553.490693030806,9.237604307034012,9864,9790.666666666666,0.0,Inconsistent Contributor,True,ml_model,1,1722.7219739536847,0.35496658021238414,0.0,12.504814814814809,108.33333333333331,0.0,480.86906302543,861.3609869768424,0.3651667981149436,886.1128094010002
Y9202P9U-20260914-section-1,#99VQVVR8V,BBB I GamerGang,#9VLJRY2J,Gentleman Jack,0,0,0,1,7.0,1866.6666666666667,10.666666666666666,16.0,116.66666666666669,0.6,0.4,2500.0,16.0,-600.0,1644.1816606851366,9.237604307034012,5091,5027.666666666667,0.0,Inconsistent Contributor,True,ml_model,1,2223.440897240516,0.7296328150611745,1.0,13.464800865800866,116.66666666666669,1570.8934343434346,1146.1753986611166,1897.167165791975,0.7296328150611745,1897.167165791975
Y9202P9U-20260914-section-1,#99VRG2G9,Paladino,#YV8JLPC2,ILLUMINATI 2.0,0,0,0,1,7.0,2916.6666666666665,16.0,16.0,182.29166666666663,1.0,1.0,3050.0,16.0,100.0,152.75252316519467,0.0,4877,4890.333333333333,1.0,Reliable High Performer,True,ml_model,1,2500.047168019475,0.9837024784576522,1.0,15.528817210567206,182.29166666666663,2830.773970676313,2784.639370907699,2665.410569347894,0.9837024784576522,2665.410569347894
Y9202P9U-20260914-section-1,#99YRPPRQR,THOORR,#YV8JLPC2,ILLUMINATI 2.0,0,0,0,1,1.0,2900.0,16.0,16.0,181.25,1.0,1.0,2900.0,16.0,0.0,,,4877,4890.333333333333,,Not Enough History,False,limited_history,1,,1.0,,,,,,2900.0,1.0,2900.0
Y9202P9U-20260914-section-1,#9GLQUU0C,aattcc,#Y9202P9U,Galactic Kings,0,0,0,1,8.0,2800.0,13.333333333333334,12.0,210.41666666666663,1.0,0.4,1700.0,8.0,-1600.0,953.9392014169456,4.618802153517006,9864,9790.666666666666,1.0,Reliable High Performer,True,ml_model,1,2029.5619331676019,0.5042466699297167,1.0,12.072798460798452,210.41666666666663,2540.3180094596737,1280.946896832527,2284.9399713136377,0.5187365577012519,2350.599351381818
Y9202P9U-20260914-section-1,#9L2ULLPJG,yeuhu22,#YV8JLPC2,ILLUMINATI 2.0,0,0,0,1,3.0,2383.3333333333335,16.0,16.0,148.95833333333334,1.0,1.0,2550.0,16.0,500.0,288.67513459481285,0.0,4877,4890.333333333333,,Not Enough History,True,ml_model,1,2178.2661388702527,0.9504504841708846,1.0,15.740809523809524,148.95833333333334,2344.724751984127,2228.544775770771,2261.49544542719,0.9504504841708846,2261.49544542719
Y9202P9U-20260914-section-1,#9LJLGQQG9,KM I ⏳Elrob⌛️,#9VLJRY2J,Gentleman Jack,0,0,0,1,8.0,1933.3333333333333,12.0,10.0,177.08333333333334,1.0,0.8,900.0,4.0,-2400.0,1234.2339054382412,6.928203230275509,5091,5027.666666666667,1.0,Reliable High Performer,True,ml_model,1,1471.13835041641,0.20621877493082064,0.0,12.53341125541126,177.08333333333334,0.0,457.6939599116268,735.569175208205,0.20621877493082064,735.569175208205
Y9202P9U-20260914-section-1,#9LVLLGGLR,♤Chaelso♤,#YV8JLPC2,ILLUMINATI 2.0,0,0,0,1,1.0,2700.0,16.0,16.0,168.75,1.0,1.0,2700.0,16.0,0.0,,,4877,4890.333333333333,,Not Enough History,False,limited_history,1,,1.0,,,,,,2700.0,1.0,2700.0
Y9202P9U-20260914-section-1,#9LYQVCQJU,敗北者じゃけーパンケーキ,#J29J90P,isao,0,0,0,1,5.0,1916.6666666666667,10.666666666666666,16.0,119.79166666666669,0.6,0.4,2250.0,16.0,-1250.0,1773.649721149397,9.237604307034012,5098,5038.0,,Not Enough History,True,ml_model,1,2336.7032080366375,0.6973553189217435,1.0,13.471672558922554,119.79166666666669,1613.7941086209312,1125.3879052913803,1975.2486583287844,0.6973553189217435,1975.2486583287844
Y9202P9U-20260914-section-1,#9P00QC2G,ELENA,#J29J90P,isao,0,0,0,1,10.0,1933.3333333333333,10.666666666666666,16.0,120.83333333333331,0.6,0.4,2900.0,16.0,0.0,1674.3157806499148,9.237604307034012,5098,5038.0,0.0,Inconsistent Contributor,True,ml_model,1,2230.9537114431096,0.6622439779724388,1.0,13.782643338143341,120.83333333333331,1665.40273669232,1102.9029332733082,1948.1782240677148,0.6622439779724388,1948.1782240677148
Y9202P9U-20260914-section-1,#9PGGRC8J,Lenipofeni,#9VLJRY2J,Gentleman Jack,0,0,0,1,12.0,1733.3333333333333,8.0,12.0,143.75,0.4,0.2,1700.0,8.0,-1800.0,1750.2380790433435,8.0,5091,5027.666666666667,0.0,Inconsistent Contributor,True,ml_model,1,1619.7366471710336,0.5005656802227743,1.0,10.769953463203462,143.75,1548.1808103354977,774.9661804334344,1583.9587287532656,0.5005656802227743,1583.9587287532656
Y9202P9U-20260914-section-1,#9RG0VPUVY,batan,#Y9202P9U,Galactic Kings,0,0,0,1,10.0,1633.3333333333333,8.0,12.0,137.5,0.8,0.2,1700.0,8.0,-1500.0,1601.0413278030435,8.0,9864,9790.666666666666,0.0,Inconsistent Contributor,True,ml_model,1,1879.6214042585432,0.5510017555233375,1.0,9.668334674584674,137.5,1329.3960177553927,732.4995395689554,1604.508711006968,0.566835184032771,1650.6154134154979
Y9202P9U-20260914-section-1,#9RL20UL0G,まさっち,#J29J90P,isao,0,0,0,1,10.0,2233.3333333333335,10.666666666666666,16.0,139.58333333333334,0.6,0.4,3300.0,16.0,-100.0,1934.769581457527,9.237604307034012,5098,5038.0,0.0,Inconsistent Contributor,True,ml_model,1,2490.1532199334874,0.6709133418307083,1.0,13.671451539201541,139.58333333333334,1908.306777346882,1280.308477227986,2199.229998640185,0.6709133418307083,2199.229998640185
Y9202P9U-20260914-section-1,#9RQ8YRYQL,老板 Ι Batan’宙斯,#Y9202P9U,Galactic Kings,0,0,0,0,10.0,600.0,2.6666666666666665,4.0,75.0,0.6,0.0,1800.0,8.0,1800.0,1039.2304845413264,4.618802153517007,9864,9790.666666666666,0.0,Inconsistent Contributor,True,ml_model,1,1149.1278796883196,0.5440721015667233,1.0,9.646219900469895,75.0,723.4664925352421,393.61793500675526,936.2971861117808,0.5597064015263521,963.2023536748208
Y9202P9U-20260914-section-1,#9RQJ0GGY,TP14,#LUG9LVC0,37XU,0,0,0,1,10.0,3033.3333333333335,16.0,16.0,189.58333333333337,1.0,1.0,2550.0,16.0,-600.0,436.8447474027052,0.0,5037,4997.0,1.0,Reliable High Performer,True,ml_model,1,2683.8804415808086,0.979168380013879,1.0,11.610187830687831,189.58333333333337,2201.0981095679017,2155.2456701972137,2442.489275574355,0.979168380013879,2442.489275574355
Y9202P9U-20260914-section-1,#9RU0GR8J,LionGalaxy,#Y9202P9U,Galactic Kings,0,0,0,0,9.0,2566.6666666666665,13.333333333333334,14.0,192.36111111111111,0.8,0.2,2100.0,12.0,-1000.0,503.32229568471666,2.3094010767585034,9864,9790.666666666666,0.0,Inconsistent Contributor,True,ml_model,1,1804.9880784296945,0.8994130973170881,1.0,11.096522597772598,192.36111111111111,2134.53941637709,1919.832707829128,1969.7637474033922,0.9252583742768546,2026.3663138423378
Y9202P9U-20260914-section-1,#9RY8GQJQU,『PHX』Marcel✨Nay,#Y9202P9U,Galactic Kings,0,0,0,0,6.0,1716.6666666666667,9.333333333333334,12.0,166.66666666666666,0.8,0.2,1350.0,8.0,-1950.0,1435.5602855099237,6.110100926607787,9864,9790.666666666666,0.0,Inconsistent Contributor,True,ml_model,1,1618.0288940626222,0.5396708739157069,1.0,10.451670579420577,166.66666666666666,1741.9450965700962,940.0770325791642,1679.9869953163593,0.5551787014591092,1728.2626200679629
Y9202P9U-20260914-section-1,#9U8CRGUJQ,46猫,#J29J90P,isao,0,0,0,1,1.0,1300.0,8.0,8.0,162.5,1.0,0.0,1300.0,8.0,0.0,,,5098,5038.0,,Not Enough History,False,limited_history,1,,1.0,,,,,,1300.0,1.0,1300.0
Y9202P9U-20260914-section-1,#9UJYJG9V,pa_rmourao,#YV8JLPC2,ILLUMINATI 2.0,0,0,4,1,10.0,2950.0,16.0,16.0,184.375,1.0,1.0,3050.0,16.0,250.0,132.28756555322954,0.0,4877,4890.333333333333,1.0,Reliable High Performer,True,ml_model,1,2512.550954010589,0.9565782861748395,1.0,15.602881784881786,184.375,2876.7813290875793,2751.8665534783736,2694.6661415490844,0.9565782861748395,2694.6661415490844
Y9202P9U-20260914-section-1,#9UY8L0UJG,hog❤️,#Y9202P9U,Galactic Kings,0,0,0,0,8.0,950.0,5.333333333333333,8.0,118.75,0.6,0.0,1450.0,8.0,50.0,823.1038816577164,4.618802153517007,9864,9790.666666666666,0.0,Inconsistent Contributor,True,ml_model,1,1050.813065747492,0.6481428072946503,1.0,9.271748519998516,118.75,1101.0201367498237,713.6182823209706,1075.9166012486578,0.6667676532236008,1106.8338323050327
Y9202P9U-20260914-section-1,#9V8JCVLVC,enjoy,#J29J90P,isao,0,0,4,1,10.0,2200.0,10.666666666666666,16.0,137.5,0.6,0.4,3000.0,16.0,-600.0,1928.730152198591,9.237604307034012,5098,5038.0,0.0,Inconsistent Contributor,True,ml_model,1,2503.9406115485885,0.7032907375146595,1.0,13.270956830206833,137.5,1824.7565641534395,1283.3343897881887,2164.348587851014,0.7032907375146595,2164.348587851014
Y9202P9U-20260914-section-1,#9VULYUJU,Patbuun,#9VLJRY2J,Gentleman Jack,0,0,0,1,8.0,2266.6666666666665,16.0,16.0,141.66666666666666,1.0,1.0,2000.0,16.0,-1200.0,832.6663997864531,0.0,5091,5027.666666666667,1.0,Reliable High Performer,True,ml_model,1,2292.5256108243366,0.7591029202093993,1.0,12.583263708513709,141.66666666666666,1782.6290253727752,1353.198898810509,2037.577318098556,0.7591029202093993,2037.577318098556
Y9202P9U-20260914-section-1,#9YP0RYGR,AL_JOKER,#Y9202P9U,Galactic Kings,0,0,0,1,4.0,1266.6666666666667,8.333333333333334,8.0,157.4074074074074,1.0,0.0,700.0,4.0,-1000.0,513.1601439446883,4.041451884327381,9864,9790.666666666666,,Not Enough History,True,ml_model,1,1008.4679493057672,0.6838793996833779,1.0,7.723560208310206,157.4074074074074,1215.745588345125,831.423363125179,1112.1067688254461,0.7035311620877944,1144.06395016388
Y9202P9U-20260914-section-1,#9YUCJV00,MuK｜⚡Leo⚡,#Y9202P9U,Galactic Kings,0,0,0,0,10.0,2016.6666666666667,10.666666666666666,8.0,126.04166666666669,0.8,0.4,0.0,0.0,-3050.0,1746.6634860021932,9.237604307034012,9864,9790.666666666666,0.0,Inconsistent Contributor,True,ml_model,1,1516.4537706088065,0.5060320514336406,1.0,11.226376623376618,126.04166666666669,1414.9912202380947,716.0309099376734,1465.7224954234507,0.5205732434163168,1507.8410769221855
Y9202P9U-20260914-section-1,#9YV0Q8VRR,AserDerZweite,#9VLJRY2J,Gentleman Jack,0,0,0,1,8.0,1800.0,10.666666666666666,16.0,112.5,0.8,0.8,2300.0,16.0,-800.0,1609.3476939431082,9.237604307034012,5091,5027.666666666667,0.0,Inconsistent Contributor,True,ml_model,1,2480.709901876296,0.737084802938137,1.0,13.035887566137568,112.5,1466.5373511904763,1080.9623945036499,1973.6236265333862,0.737084802938137,1973.623626533386
Y9202P9U-20260914-section-1,#C222JLCG,⭐PRO⭐,#Y9202P9U,Galactic Kings,0,0,0,0,1.0,2300.0,12.0,12.0,191.66666666666663,1.0,0.0,2300.0,12.0,0.0,,,9864,9790.666666666666,,Not Enough History,False,limited_history,1,,1.0,,,,,,2300.0,1.0,2300.0
Y9202P9U-20260914-section-1,#C9Q20CLGY,❤️ Ana Luiza ❤️,#Y9202P9U,Galactic Kings,0,0,0,1,1.0,2500.0,12.0,12.0,208.33333333333337,1.0,0.0,2500.0,12.0,0.0,,,9864,9790.666666666666,,Not Enough History,False,limited_history,1,,1.0,,,,,,2500.0,1.0,2500.0
Y9202P9U-20260914-section-1,#CGCVP2G9,MrNobody,#9VLJRY2J,Gentleman Jack,0,0,0,1,7.0,2033.3333333333333,10.666666666666666,16.0,127.08333333333331,0.8,0.8,3050.0,16.0,0.0,1760.9183210283586,9.237604307034012,5091,5027.666666666667,0.0,Inconsistent Contributor,True,ml_model,1,2606.0188855068873,0.7827286573399813,1.0,13.232468494468494,127.08333333333331,1681.6262045053709,1316.2570212002179,2143.822545006129,0.7827286573399813,2143.822545006129
Y9202P9U-20260914-section-1,#CJPL2J82U,Riapyi,#Y9202P9U,Galactic Kings,0,0,0,0,10.0,0.0,0.0,0.0,0.0,0.2,0.0,0.0,0.0,0.0,0.0,0.0,9864,9790.666666666666,2.0,Low-Participation Player,True,ml_model,1,294.10627499814547,0.24647173248541945,0.0,9.312515752765753,0.0,0.0,0.0,147.05313749907273,0.2535542735422942,151.27881430743065
Y9202P9U-20260914-section-1,#CJVL8CG8,GK03™,#Y9202P9U,Galactic Kings,0,0,0,0,6.0,1200.0,5.333333333333333,8.0,75.0,0.4,0.2,0.0,0.0,-3600.0,2078.460969082653,9.237604307034012,9864,9790.666666666666,0.0,Inconsistent Contributor,True,ml_model,1,1382.3879379790276,0.8017481331208973,1.0,11.012130480630487,75.0,825.9097860472865,662.1716290896917,1104.148862013157,0.8247869376638781,1135.8773672224606
Y9202P9U-20260914-section-1,#CP08R9PC9,Wolbecker1,#9VLJRY2J,Gentleman Jack,0,0,0,1,8.0,2200.0,14.666666666666666,14.0,152.08333333333334,1.0,0.8,2900.0,16.0,800.0,655.7438524302,2.3094010767585034,5091,5027.666666666667,1.0,Reliable High Performer,True,ml_model,1,2013.3264824980408,0.636419248428578,1.0,13.227210197210194,152.08333333333334,2011.6382174923838,1280.2452824867073,2012.4823499952122,0.636419248428578,2012.4823499952124
Y9202P9U-20260914-section-1,#CPY0UYL,CECILI ON,#YV8JLPC2,ILLUMINATI 2.0,0,0,0,1,10.0,3000.0,16.0,16.0,187.5,1.0,1.0,3100.0,16.0,150.0,86.60254037844386,0.0,4877,4890.333333333333,1.0,Reliable High Performer,True,ml_model,1,2535.9372306932532,0.8210521201112723,1.0,15.646274401524403,187.5,2933.6764502858255,2408.7012692276885,2734.8068404895394,0.8210521201112723,2734.8068404895394
Y9202P9U-20260914-section-1,#CR0JUCC2,Don-Mehdi,#Y9202P9U,Galactic Kings,0,0,0,0,14.0,1833.3333333333333,10.666666666666666,8.0,114.58333333333331,0.4,0.4,0.0,0.0,-2450.0,1615.8073317488486,9.237604307034012,9864,9790.666666666666,0.0,Inconsistent Contributor,True,ml_model,1,801.1379770926549,0.6044737651201293,1.0,12.491188431938424,114.58333333333331,1431.2820078262775,865.1724242194483,1116.2099924594663,0.6218437499702997,1148.2850828561134
Y9202P9U-20260914-section-1,#CRUPGCJ,Random,#LUG9LVC0,37XU,0,0,0,1,7.0,2933.3333333333335,16.0,16.0,183.33333333333337,1.0,1.0,3000.0,16.0,200.0,115.47005383792516,0.0,5037,4997.0,1.0,Reliable High Performer,True,ml_model,1,2465.940640403657,0.9884997910147497,1.0,12.80806806156806,183.33333333333337,2348.145811287478,2321.141643729832,2407.0432258455676,0.9884997910147497,2407.0432258455676
Y9202P9U-20260914-section-1,#CUJ0YVLL9,FF｜Soxee™,#Y9202P9U,Galactic Kings,0,0,0,1,10.0,2633.3333333333335,14.666666666666666,16.0,179.51388888888889,1.0,0.6,2400.0,16.0,-950.0,633.1139971074193,2.3094010767585034,9864,9790.666666666666,1.0,Reliable High Performer,True,ml_model,1,2349.748272141621,0.7913796039954287,1.0,11.96144889369889,179.51388888888889,2147.2462076535853,1699.2868534935806,2248.4972398976033,0.8141204614574603,2313.109412081634
Y9202P9U-20260914-section-1,#CUL90UJC8,ねるねるくん,#J29J90P,isao,0,0,1,1,10.0,2300.0,10.666666666666666,16.0,143.75,0.6,0.4,3300.0,16.0,-300.0,1997.498435543818,9.237604307034012,5098,5038.0,0.0,Inconsistent Contributor,True,ml_model,1,2561.7253669109978,0.696456009321443,1.0,13.545686026936027,143.75,1947.1923663720538,1356.1338248646578,2254.4588666415257,0.696456009321443,2254.4588666415257
Y9202P9U-20260914-section-1,#CUUUU0U8,<c3>puffy,#LUG9LVC0,37XU,0,0,0,1,10.0,2750.0,16.0,16.0,171.875,1.0,0.8,2250.0,16.0,-850.0,444.40972086577943,0.0,5037,4997.0,1.0,Reliable High Performer,True,ml_model,1,2500.5795483584625,0.9550545952146257,1.0,12.057666907166908,171.875,2072.4114996693124,1979.2661259348104,2286.4955240138875,0.9550545952146257,2286.4955240138875
Y9202P9U-20260914-section-1,#CV28P8Y0Q,HUDSON-ODOI,#LUG9LVC0,37XU,0,0,0,1,10.0,3166.6666666666665,16.0,16.0,197.91666666666663,1.0,0.6,3150.0,16.0,-350.0,325.32035493238556,0.0,5037,4997.0,1.0,Reliable High Performer,True,ml_model,1,2669.1490657509457,0.9747340966691991,1.0,12.158847134347136,197.91666666666663,2406.438495339537,2345.63765294477,2537.793780545241,0.9747340966691991,2537.793780545241
Y9202P9U-20260914-section-1,#G0QQUGY,syen,#Y9202P9U,Galactic Kings,0,0,0,1,6.0,1783.3333333333333,10.666666666666666,14.0,151.38888888888889,1.0,0.2,2150.0,12.0,-650.0,1241.3030787576954,6.110100926607787,9864,9790.666666666666,0.0,Inconsistent Contributor,True,ml_model,1,1981.0679691004723,0.7764357160212646,1.0,10.76669434269434,151.38888888888889,1629.9578935467819,1265.557524160508,1805.512931323627,0.7987471502019362,1857.3956333920044
Y9202P9U-20260914-section-1,#G0YVG9J9R,Pindakaas,#Y9202P9U,Galactic Kings,0,0,0,1,10.0,2366.6666666666665,12.333333333333334,10.5,190.2777777777778,0.8,0.2,1800.0,9.0,-100.0,896.2886439832502,3.511884584284246,9864,9790.666666666666,0.0,Inconsistent Contributor,True,ml_model,1,1495.0340938029265,0.8341140276766885,1.0,11.791797517297516,190.2777777777778,2243.717027596889,1871.5158468556085,1869.3755606999075,0.8580828892883736,1923.0934009806729
Y9202P9U-20260914-section-1,#G22R88G,_KnockouT_,#9VLJRY2J,Gentleman Jack,0,0,0,1,8.0,2150.0,13.333333333333334,12.0,153.125,1.0,0.8,900.0,8.0,-1950.0,1085.1267207105352,4.618802153517006,5091,5027.666666666667,1.0,Reliable High Performer,True,ml_model,1,1950.7121013309725,0.181429284260958,0.0,12.466799182299182,153.125,0.0,346.34462556503814,975.3560506654862,0.181429284260958,975.3560506654862
Y9202P9U-20260914-section-1,#G2Y9RUUL,enzu,#LUG9LVC0,37XU,0,0,0,1,10.0,2750.0,16.0,16.0,171.875,1.0,0.8,2850.0,16.0,550.0,409.2676385936225,0.0,5037,4997.0,1.0,Reliable High Performer,True,ml_model,1,2398.1835031273476,0.9562835869950006,1.0,12.931936267436264,171.875,2222.6765459656076,2125.50910010565,2310.4300245464774,0.9562835869950006,2310.4300245464774
Y9202P9U-20260914-section-1,#GC00888J0,りあぴぃ,#Y9202P9U,Galactic Kings,0,0,0,0,4.0,0.0,0.0,0.0,0.0,0.25,0.0,0.0,0.0,0.0,0.0,0.0,9864,9790.666666666666,,Not Enough History,True,ml_model,1,360.09060586919696,0.2534264015101673,0.0,8.446458152958149,0.0,0.0,0.0,180.04530293459848,0.2607087899426743,185.2190331521486
Y9202P9U-20260914-section-1,#GCG9V89GV,ßigsutty49,#LUG9LVC0,37XU,0,0,0,1,,,,,,,,,,,,,5037,4997.0,,Not Enough History,False,clan_baseline,1,,0.8404044328230706,,,,,,2128.342933332974,0.8404044328230706,2128.342933332974
Y9202P9U-20260914-section-1,#GJJP29C9,Tim,#9VLJRY2J,Gentleman Jack,0,0,0,1,8.0,1100.0,6.0,7.5,113.33333333333331,0.8,0.2,2850.0,15.0,2850.0,1532.1553446044563,7.937253933193772,5091,5027.666666666667,0.0,Inconsistent Contributor,True,ml_model,1,1800.5637952835148,0.6057699379580663,1.0,12.960643819143815,113.33333333333331,1468.872966169632,889.7990855848589,1634.7183807265733,0.6057699379580663,1634.7183807265733
Y9202P9U-20260914-section-1,#GL292J2PY,HitmanUWU,#9VLJRY2J,Gentleman Jack,0,0,0,1,5.0,2233.3333333333335,10.666666666666666,16.0,139.58333333333334,0.8,0.8,3300.0,16.0,-100.0,1934.769581457527,9.237604307034012,5091,5027.666666666667,,Not Enough History,True,ml_model,1,2781.2510369009797,0.7244794818263358,1.0,13.315488335738335,139.58333333333334,1858.620246863476,1346.5322333595875,2319.935641882228,0.7244794818263358,2319.935641882228
Y9202P9U-20260914-section-1,#GP2R0J28,Paco,#LUG9LVC0,37XU,0,0,0,1,10.0,2800.0,16.0,16.0,175.0,1.0,0.8,2650.0,16.0,100.0,350.0,0.0,5037,4997.0,1.0,Reliable High Performer,True,ml_model,1,2447.9429092439614,0.9810402886203925,1.0,13.118249454249455,175.0,2295.6936544936543,2252.1679653884585,2371.818281868808,0.9810402886203925,2371.818281868808
Y9202P9U-20260914-section-1,#GP9GQPCUY,たかゆき,#J29J90P,isao,0,0,4,1,10.0,1966.6666666666667,10.666666666666666,16.0,122.91666666666669,0.6,0.4,2500.0,16.0,-900.0,1761.628034896508,9.237604307034012,5098,5038.0,0.0,Inconsistent Contributor,True,ml_model,1,2338.8244844370806,0.7426313533863801,1.0,13.647591750841748,122.91666666666669,1677.5164860409652,1245.7763383565666,2008.170485239023,0.7426313533863801,2008.170485239023
Y9202P9U-20260914-section-1,#GQYVYQ82,AM♣️Joma,#Y9202P9U,Galactic Kings,0,0,0,1,10.0,2533.3333333333335,14.666666666666666,14.0,173.61111111111111,1.0,0.4,2200.0,12.0,0.0,577.3502691896258,2.3094010767585034,9864,9790.666666666666,1.0,Reliable High Performer,True,ml_model,1,1920.4899663364138,0.8485515922434584,1.0,12.999800819550819,173.61111111111111,2256.9098645053505,1915.1044590759834,2088.699915420882,0.8729353275721995,2148.720197492516
Y9202P9U-20260914-section-1,#GUCQJ8U,bG,#YV8JLPC2,ILLUMINATI 2.0,0,0,0,1,6.0,3066.6666666666665,16.0,16.0,191.66666666666663,1.0,1.0,3100.0,16.0,200.0,152.75252316519467,0.0,4877,4890.333333333333,1.0,Reliable High Performer,True,ml_model,1,2599.139328289346,0.7356136874589563,1.0,15.77692688792689,191.66666666666663,3023.9109868526534,2224.4303115863318,2811.525157571,0.7356136874589563,2811.525157571
Y9202P9U-20260914-section-1,#GUVVPU828,Ryza,#Y9202P9U,Galactic Kings,0,0,0,1,6.0,1933.3333333333333,10.666666666666666,8.0,120.83333333333331,0.8,0.6,0.0,0.0,-2550.0,1710.506747526397,9.237604307034012,9864,9790.666666666666,0.0,Inconsistent Contributor,True,ml_model,1,1443.5411097216945,0.4613438715829317,1.0,11.378408369408366,120.83333333333331,1374.8910113035106,634.297542159334,1409.2160605126026,0.4746009168386872,1449.7108892945532
Y9202P9U-20260914-section-1,#GVC0URYV8,主人｜Lou✨,#Y9202P9U,Galactic Kings,0,0,0,1,10.0,1533.3333333333333,10.666666666666666,8.0,95.83333333333331,0.6,0.6,2300.0,16.0,2300.0,1327.9056191361394,9.237604307034012,9864,9790.666666666666,0.0,Inconsistent Contributor,True,ml_model,1,1280.7866077345077,0.4716711842881435,1.0,14.411998677248684,95.83333333333331,1381.149873236332,651.4485963888,1330.9682404854198,0.4852249922416098,1369.2145623397605
Y9202P9U-20260914-section-1,#J22GGYJUL,Mahid,#LUG9LVC0,37XU,0,0,0,1,,,,,,,,,,,,,5037,4997.0,,Not Enough History,False,clan_baseline,1,,0.8404044328230706,,,,,,2128.342933332974,0.8404044328230706,2128.342933332974
Y9202P9U-20260914-section-1,#J80LP2J0,ABRAMMP3 JR,#Y9202P9U,Galactic Kings,0,0,0,0,2.0,1725.0,10.0,10.0,168.75,1.0,0.0,2250.0,12.0,1050.0,742.4621202458749,2.8284271247461903,9864,9790.666666666666,,Not Enough History,False,limited_history,1,,1.0,,,,,,1725.0,1.0,1725.0
Y9202P9U-20260914-section-1,#J8YC8R8G,F-35Lightning Ⅱ,#J29J90P,isao,0,0,0,1,10.0,2066.6666666666665,10.666666666666666,16.0,129.16666666666666,0.6,0.4,3000.0,16.0,-200.0,1792.5772879665003,9.237604307034012,5098,5038.0,0.0,Inconsistent Contributor,True,ml_model,1,2357.9096708610164,0.6515857893739126,1.0,13.595099687349684,129.16666666666666,1756.0337096160008,1144.206610847342,2056.9716902385085,0.6515857893739126,2056.9716902385085
Y9202P9U-20260914-section-1,#J98LL9CU,Deadication,#Y9202P9U,Galactic Kings,0,0,0,0,10.0,2850.0,14.666666666666666,14.0,193.75,1.0,0.4,2250.0,12.0,-550.0,626.4982043070834,2.3094010767585034,9864,9790.666666666666,1.0,Reliable High Performer,True,ml_model,1,2172.8631853617935,0.7609467234828564,1.0,12.275581603581601,193.75,2378.3939356939354,1809.8310725177955,2275.6285605278645,0.782813070413657,2341.0203705646963
Y9202P9U-20260914-section-1,#JLCUL222Y,zzz,#LUG9LVC0,37XU,0,0,0,1,,,,,,,,,,,,,5037,4997.0,,Not Enough History,False,clan_baseline,1,,0.8404044328230706,,,,,,2128.342933332974,0.8404044328230706,2128.342933332974
Y9202P9U-20260914-section-1,#JLCYYCY0G,Alsubaie,#Y9202P9U,Galactic Kings,0,0,0,1,4.0,1483.3333333333333,9.333333333333334,8.0,152.7777777777778,1.0,0.0,800.0,8.0,-500.0,791.0962857537212,2.3094010767585034,9864,9790.666666666666,,Not Enough History,True,ml_model,1,1414.1555735633635,0.709442912842502,1.0,9.865372192622187,152.7777777777778,1507.2096405395012,1069.2791976486442,1460.6826070514323,0.72982926103362,1502.6563637625254
Y9202P9U-20260914-section-1,#JP88PVYJ,Gui,#YV8JLPC2,ILLUMINATI 2.0,0,0,0,1,10.0,2833.3333333333335,15.666666666666666,16.0,180.76388888888889,1.0,0.8,3200.0,16.0,550.0,317.54264805429415,0.5773502691896257,4877,4890.333333333333,1.0,Reliable High Performer,True,ml_model,1,2460.1104371243655,0.9456717274126889,1.0,14.71916522366522,180.76388888888889,2660.693547027817,2516.1426627335904,2560.401992076091,0.9456717274126889,2560.401992076091
Y9202P9U-20260914-section-1,#JPGJP8PJ2,CMG MK,#YV8JLPC2,ILLUMINATI 2.0,0,0,0,1,7.0,2900.0,14.666666666666666,14.0,197.91666666666663,1.0,0.6,2400.0,12.0,-800.0,435.88989435406734,2.3094010767585034,4877,4890.333333333333,1.0,Reliable High Performer,True,ml_model,1,2360.218772202358,0.8647950168793068,1.0,15.012366300366308,197.91666666666663,2971.1974969474977,2569.476789524466,2665.708134574928,0.8647950168793068,2665.708134574928
Y9202P9U-20260914-section-1,#JPGLC99VU,BigRys,#Y9202P9U,Galactic Kings,0,0,0,1,10.0,2866.6666666666665,14.666666666666666,14.0,195.48611111111111,1.0,0.4,2350.0,12.0,-400.0,583.8093296045664,2.3094010767585034,9864,9790.666666666666,1.0,Reliable High Performer,True,ml_model,1,2156.4279677552613,0.7995543773745375,1.0,12.023223424723422,195.48611111111111,2350.373190319197,1879.2511727834706,2253.4005790372294,0.8225301427812016,2318.1536521692997
Y9202P9U-20260914-section-1,#L0YGGLCJU,Buff Xbow,#9VLJRY2J,Gentleman Jack,0,0,0,1,6.0,616.6666666666666,5.0,7.5,41.11111111111111,0.4,0.0,1850.0,15.0,1850.0,1068.0979980008078,8.660254037844387,5091,5027.666666666667,0.0,Inconsistent Contributor,True,ml_model,1,1302.3438403706966,0.5791648138688142,1.0,11.689440217190217,41.11111111111111,480.5658755955978,278.32684589102814,891.4548579831472,0.5791648138688142,891.4548579831472
Y9202P9U-20260914-section-1,#L2UQURQ0,Ikasa,#LUG9LVC0,37XU,0,0,0,1,8.0,3300.0,16.0,16.0,206.25,1.0,0.6,3300.0,16.0,-100.0,100.0,0.0,5037,4997.0,1.0,Reliable High Performer,True,ml_model,1,2683.2376864731173,0.9777387361891061,1.0,11.9868589003589,206.25,2472.2896481990233,2417.2533561235227,2577.7636673360703,0.9777387361891061,2577.7636673360703
Y9202P9U-20260914-section-1,#L2VQJ8QVP,Horsey,#Y9202P9U,Galactic Kings,0,0,0,0,5.0,666.6666666666666,4.0,0.0,55.55555555555555,0.6,0.2,0.0,0.0,0.0,1154.7005383792516,6.928203230275509,9864,9790.666666666666,,Not Enough History,True,ml_model,1,685.80457936979,0.5460781059758444,1.0,13.492129037629038,55.55555555555555,749.5627243127243,409.3197928027865,717.6836518412572,0.5617700499031794,738.3068035461457
Y9202P9U-20260914-section-1,#L8JV2YRCL,yana,#J29J90P,isao,0,0,0,1,9.0,1916.6666666666667,10.666666666666666,16.0,119.79166666666669,0.6,0.4,2700.0,16.0,-350.0,1669.0815837859254,9.237604307034012,5098,5038.0,0.0,Inconsistent Contributor,True,ml_model,1,2244.3727453542124,0.6653088792710221,1.0,13.719075998075995,119.79166666666669,1643.430978936187,1093.3892227553133,1943.9018621451996,0.6653088792710221,1943.9018621451996
Y9202P9U-20260914-section-1,#LC0RUGP90,@Wel_Clash,#YV8JLPC2,ILLUMINATI 2.0,0,0,0,1,10.0,2733.3333333333335,16.0,16.0,170.83333333333334,1.0,0.8,3050.0,16.0,200.0,388.3726732577014,0.0,4877,4890.333333333333,1.0,Reliable High Performer,True,ml_model,1,2415.6642378210345,0.9494253843233426,1.0,15.700785714285715,170.83333333333334,2682.2175595238095,2546.565437289711,2548.940898672422,0.9494253843233426,2548.940898672422
Y9202P9U-20260914-section-1,#LGLYPYRG0,FORTUNA,#J29J90P,isao,0,0,0,1,10.0,1850.0,10.666666666666666,16.0,115.625,0.6,0.4,2550.0,16.0,-450.0,1617.8689687363435,9.237604307034012,5098,5038.0,0.0,Inconsistent Contributor,True,ml_model,1,2197.2779528094306,0.700488164062864,1.0,13.717911976911976,115.625,1586.1335723304474,1111.0677940402268,1891.705762569939,0.700488164062864,1891.705762569939
Y9202P9U-20260914-section-1,#LJYVCULJV,mentalpatient17,#LUG9LVC0,37XU,0,0,0,1,9.0,716.6666666666666,4.333333333333333,6.5,55.12820512820513,0.2,0.0,2150.0,13.0,2150.0,1241.3030787576954,7.505553499465136,5037,4997.0,0.0,Inconsistent Contributor,True,ml_model,1,1079.800165173769,0.46499603780384596,1.0,13.069036528286523,55.12820512820513,720.4725265593853,335.01687019664035,900.1363458665771,0.46499603780384596,900.1363458665771
Y9202P9U-20260914-section-1,#LQPR8QPRY,C*Pret067,#YV8JLPC2,ILLUMINATI 2.0,0,0,0,1,10.0,2683.3333333333335,16.0,16.0,167.70833333333334,1.0,1.0,2600.0,16.0,-200.0,104.08329997330664,0.0,4877,4890.333333333333,1.0,Reliable High Performer,True,ml_model,1,2363.490682074762,0.9768194787284011,1.0,15.915142857142852,167.70833333333334,2669.1020833333328,2607.230905714556,2516.2963827040476,0.9768194787284011,2516.2963827040476
Y9202P9U-20260914-section-1,#LQQC2VQLJ,Kescha53,#9VLJRY2J,Gentleman Jack,0,0,0,1,8.0,2116.6666666666665,13.333333333333334,14.0,156.94444444444443,1.0,0.4,2800.0,16.0,700.0,675.1543033509698,2.3094010767585034,5091,5027.666666666667,1.0,Reliable High Performer,True,ml_model,1,2097.5848007191344,0.6932285291257237,1.0,13.312949615199614,156.94444444444443,2089.3934812743837,1448.4271697887164,2093.489140996759,0.6932285291257237,2093.489140996759
Y9202P9U-20260914-section-1,#LVLVC8QYC,✨️mariano☔️☃️,#Y9202P9U,Galactic Kings,0,0,0,0,1.0,0.0,0.0,0.0,0.0,0.0,0.0,0.0,0.0,0.0,,,9864,9790.666666666666,,Not Enough History,False,limited_history,1,,0.0,,,,,,0.0,0.0,0.0
Y9202P9U-20260914-section-1,#P82L9GQL0,hog✨,#Y9202P9U,Galactic Kings,0,0,0,0,2.0,0.0,0.0,0.0,0.0,0.0,0.0,0.0,0.0,0.0,0.0,0.0,9864,9790.666666666666,,Not Enough History,False,limited_history,1,,0.0,,,,,,0.0,0.0,0.0
Y9202P9U-20260914-section-1,#P8JUY99V,The Jonkler,#Y9202P9U,Galactic Kings,0,0,0,1,10.0,2983.3333333333335,14.666666666666666,14.0,200.69444444444449,1.0,0.6,2050.0,12.0,-1250.0,822.0908303425682,2.3094010767585034,9864,9790.666666666666,1.0,Reliable High Performer,True,ml_model,1,2382.8086198295587,0.6941710733623053,1.0,11.479854737854733,200.69444444444449,2303.9430689166797,1599.3306331155354,2343.3758443731194,0.7141185743515889,2410.714420939675
Y9202P9U-20260914-section-1,#P8RRQ2CR0,アラジン,#J29J90P,isao,0,0,0,1,10.0,1966.6666666666667,9.666666666666666,14.5,136.3782051282051,0.6,0.2,3100.0,16.0,300.0,1709.775813764288,8.504900548115382,5098,5038.0,0.0,Inconsistent Contributor,True,ml_model,1,2251.301039620108,0.65807421124395,1.0,12.503419672919662,136.3782051282051,1705.193932957473,1122.144152448958,1978.2474862887905,0.65807421124395,1978.2474862887907
Y9202P9U-20260914-section-1,#P92L0U0QQ,legi#apfel,#9VLJRY2J,Gentleman Jack,0,0,0,1,8.0,1533.3333333333333,8.0,12.0,131.25,0.8,0.4,2900.0,16.0,1200.0,1457.166199626293,8.0,5091,5027.666666666667,0.0,Inconsistent Contributor,True,ml_model,1,2160.395271998993,0.5818703886003369,1.0,12.715313566063568,131.25,1668.8849055458434,971.0747085191964,1914.640088772418,0.5818703886003369,1914.640088772418
Y9202P9U-20260914-section-1,#P9YJLJQ8,Leon,#9VLJRY2J,Gentleman Jack,0,0,0,1,8.0,900.0,6.0,7.0,105.95238095238096,0.6,0.2,2000.0,14.0,2000.0,1014.889156509222,7.211102550927978,5091,5027.666666666667,0.0,Inconsistent Contributor,True,ml_model,1,1256.667110576528,0.5304892397522025,1.0,11.769959364709363,105.95238095238096,1247.0552184037304,661.5493747400118,1251.8611644901293,0.5304892397522025,1251.8611644901293
Y9202P9U-20260914-section-1,#PCCJL82JQ,KM | Ch!ll3r,#9VLJRY2J,Gentleman Jack,0,0,0,1,8.0,1533.3333333333333,9.333333333333334,14.0,111.80555555555554,0.8,0.4,2300.0,16.0,0.0,1327.9056191361394,8.326663997864532,5091,5027.666666666667,0.0,Inconsistent Contributor,True,ml_model,1,2202.988807069161,0.4923922639859874,1.0,12.718930014430017,111.80555555555554,1422.047036335578,700.204959715839,1812.5179217023694,0.4923922639859874,1812.5179217023694
Y9202P9U-20260914-section-1,#PCJYGUYU,♠️Cam♦️,#Y9202P9U,Galactic Kings,0,0,0,1,6.0,550.0,3.0,4.5,61.111111111111114,0.2,0.0,1650.0,9.0,1650.0,952.6279441628824,5.196152422706632,9864,9790.666666666666,2.0,Low-Participation Player,True,ml_model,1,650.9723764569615,0.47642182275040607,1.0,11.809485449735451,61.111111111111114,721.6907774838331,343.8292356710055,686.3315769703972,0.490112143689017,706.0538044384497
Y9202P9U-20260914-section-1,#PGPCJCY2,LandShark,#Y9202P9U,Galactic Kings,0,0,0,1,10.0,2333.3333333333335,12.666666666666666,12.0,183.6309523809524,1.0,0.2,1400.0,8.0,-1300.0,814.4527815247077,4.163331998932265,9864,9790.666666666666,1.0,Reliable High Performer,True,ml_model,1,1763.5527166083264,0.684937901259408,1.0,11.712613220113214,183.6309523809524,2150.798320479123,1473.1632876612305,1957.1755185437246,0.704620080461708,2013.4163532464063
Y9202P9U-20260914-section-1,#PGYLC8GQP,Zeski,#YV8JLPC2,ILLUMINATI 2.0,0,0,0,1,10.0,2850.0,15.666666666666666,16.0,181.875,1.0,0.6,2950.0,16.0,50.0,132.28756555322954,0.5773502691896257,4877,4890.333333333333,1.0,Reliable High Performer,True,ml_model,1,2442.6523458667198,0.9385140689255854,1.0,14.93897619047619,181.875,2717.026294642857,2549.9674031630743,2579.8393202547886,0.9385140689255854,2579.8393202547886
Y9202P9U-20260914-section-1,#PJ0Y2QL0C,BBB I Zz._.zZ,#9VLJRY2J,Gentleman Jack,0,0,0,1,10.0,700.0,4.0,4.0,175.0,0.8,0.0,800.0,4.0,-100.0,264.5751311064591,0.0,5091,5027.666666666667,2.0,Low-Participation Player,True,ml_model,1,676.6871720706347,0.5567138043935755,1.0,8.369554057054058,175.0,1464.6719599844603,815.4030990315437,1070.6795660275475,0.5567138043935755,1070.6795660275475
Y9202P9U-20260914-section-1,#PJL8RYPVY,FNO Davis,#LUG9LVC0,37XU,0,0,0,1,9.0,2733.3333333333335,14.666666666666666,14.0,188.19444444444449,1.0,0.6,2500.0,12.0,-350.0,202.07259421636903,2.3094010767585034,5037,4997.0,1.0,Reliable High Performer,True,ml_model,1,2115.693000678017,0.8303962453716486,1.0,12.51355077330078,188.19444444444449,2354.980735808689,1955.5671609380977,2235.336868243353,0.8303962453716486,2235.336868243353
Y9202P9U-20260914-section-1,#PL222J22P,MrGJC✨,#LUG9LVC0,37XU,0,0,0,1,10.0,2366.6666666666665,11.0,14.5,217.14743589743588,0.8,0.2,3500.0,16.0,800.0,1331.6656236958784,6.244997998398398,5037,4997.0,0.0,Inconsistent Contributor,True,ml_model,1,2159.369035755293,0.7413787211773252,1.0,11.670320226070226,217.14743589743588,2534.180113193134,1878.7872115521347,2346.7745744742133,0.7413787211773252,2346.7745744742133
Y9202P9U-20260914-section-1,#PL9J8G9QV,BBB I NCLS,#9VLJRY2J,Gentleman Jack,0,0,0,1,7.0,2166.6666666666665,13.333333333333334,14.0,157.63888888888889,1.0,0.2,2000.0,12.0,-1300.0,1059.8742063723096,2.3094010767585034,5091,5027.666666666667,1.0,Reliable High Performer,True,ml_model,1,2160.2098879814025,0.6086419906450866,1.0,11.716279202279205,157.63888888888889,1846.9412353592913,1124.1259900935745,2003.5755616703468,0.6086419906450866,2003.5755616703468
Y9202P9U-20260914-section-1,#PLP2RYYP8,Glitch,#LUG9LVC0,37XU,0,0,0,1,9.0,1866.6666666666667,9.333333333333334,12.0,193.75,1.0,0.2,3500.0,16.0,2200.0,1436.4307617610164,6.110100926607786,5037,4997.0,0.0,Inconsistent Contributor,True,ml_model,1,2150.5021566448345,0.7168285895342513,1.0,10.677783429533433,193.75,2068.8205394721026,1482.9897093092763,2109.6613480584683,0.7168285895342513,2109.6613480584683
Y9202P9U-20260914-section-1,#PLPYQ092R,オルゴ・デミーラ,#J29J90P,isao,0,0,0,1,10.0,2166.6666666666665,10.666666666666666,16.0,135.41666666666666,0.6,0.4,3300.0,16.0,100.0,1877.054430040145,9.237604307034012,5098,5038.0,0.0,Inconsistent Contributor,True,ml_model,1,2419.9342826096413,0.6696700566531884,1.0,13.720028258778262,135.41666666666666,1857.9204933762228,1244.193722056375,2138.927387992932,0.6696700566531884,2138.927387992932
Y9202P9U-20260914-section-1,#PLV0Q2LV,anshu0603,#J29J90P,isao,0,0,0,1,10.0,2166.6666666666665,10.666666666666666,16.0,135.41666666666666,0.6,0.4,3000.0,16.0,-500.0,1892.9694486000913,9.237604307034012,5098,5038.0,0.0,Inconsistent Contributor,True,ml_model,1,2466.967973106195,0.6799875083698841,1.0,13.409186988936991,135.41666666666666,1815.8274047518842,1234.7399525869866,2141.3976889290398,0.6799875083698841,2141.3976889290398
Y9202P9U-20260914-section-1,#PP9CUCVL,lego,#LUG9LVC0,37XU,0,0,0,1,10.0,3066.6666666666665,16.0,16.0,191.66666666666663,1.0,0.8,2850.0,16.0,-200.0,225.46248764114472,0.0,5037,4997.0,1.0,Reliable High Performer,True,ml_model,1,2600.6864099462027,0.9397672691911348,1.0,12.411407407407408,191.66666666666663,2378.853086419753,2235.5682688315937,2489.7697481829778,0.9397672691911348,2489.7697481829778
Y9202P9U-20260914-section-1,#PPLJYPL8Q,Luiz CR☄️,#Y9202P9U,Galactic Kings,0,0,0,1,2.0,50.0,0.5,0.5,50.0,0.5,0.0,0.0,0.0,-100.0,70.71067811865476,0.7071067811865476,9864,9790.666666666666,,Not Enough History,False,limited_history,1,,0.5,,,,,,50.0,0.514367856681686,51.4367856681686
Y9202P9U-20260914-section-1,#PQ8Q2PYY,Catsh*t,#LUG9LVC0,37XU,0,0,0,1,10.0,2850.0,16.0,16.0,178.125,1.0,0.8,2400.0,16.0,-700.0,390.51248379533274,0.0,5037,4997.0,1.0,Reliable High Performer,True,ml_model,1,2541.0496469280574,0.9457327615540944,1.0,12.301060180560182,178.125,2191.1263446622825,2072.2199688513883,2366.08799579517,0.9457327615540944,2366.08799579517
Y9202P9U-20260914-section-1,#PQC28RU8Q,Connor,#LUG9LVC0,37XU,0,0,0,1,10.0,2816.6666666666665,16.0,16.0,176.04166666666666,1.0,0.8,2700.0,16.0,-50.0,160.7275126832159,0.0,5037,4997.0,1.0,Reliable High Performer,True,ml_model,1,2410.8299140976733,0.9704302557183636,1.0,13.296114774114773,176.04166666666666,2340.670205026455,2271.457185616177,2375.750059562064,0.9704302557183636,2375.750059562064
Y9202P9U-20260914-section-1,#PQJ8U82LG,TOAST,#LUG9LVC0,37XU,0,0,0,1,10.0,3066.6666666666665,16.0,16.0,191.66666666666663,1.0,1.0,2800.0,16.0,-300.0,251.66114784235833,0.0,5037,4997.0,1.0,Reliable High Performer,True,ml_model,1,2629.32192312098,0.9393095577682008,1.0,11.68665067340067,191.66666666666663,2239.9413790684616,2103.9983461994902,2434.631651094721,0.9393095577682008,2434.631651094721
Y9202P9U-20260914-section-1,#PRPJVQV0G,♧☆》Hercules《☆♧,#9VLJRY2J,Gentleman Jack,0,0,0,1,8.0,1450.0,8.0,12.0,120.83333333333331,0.8,0.0,2000.0,12.0,-350.0,1267.8722333105966,6.928203230275509,5091,5027.666666666667,0.0,Inconsistent Contributor,True,ml_model,1,1996.0847066277988,0.4041780724353192,1.0,11.606946849446851,120.83333333333331,1402.5060776414944,566.8622030399594,1699.2953921346466,0.4041780724353192,1699.2953921346464
Y9202P9U-20260914-section-1,#PVJ80LQU,ProB,#Y9202P9U,Galactic Kings,0,0,0,1,10.0,2600.0,14.666666666666666,14.0,175.3472222222222,1.0,0.4,1850.0,12.0,-1550.0,776.2087348130012,2.3094010767585034,9864,9790.666666666666,1.0,Reliable High Performer,True,ml_model,1,2117.9748748179863,0.6859754982451303,1.0,12.257998556998555,175.3472222222222,2149.4059969737045,1474.439849705108,2133.6904358958454,0.7056874935369987,2195.003552667917
Y9202P9U-20260914-section-1,#PY9VVC9RQ,NICNOCISMAEL,#LUG9LVC0,37XU,0,0,0,1,10.0,2666.6666666666665,16.0,16.0,166.66666666666666,1.0,0.8,2450.0,16.0,-450.0,225.46248764114472,0.0,5037,4997.0,1.0,Reliable High Performer,True,ml_model,1,2353.9846290255527,0.8897174712173527,1.0,12.087766474266475,166.66666666666666,2014.6277457110791,1792.4495033583771,2184.306187368316,0.8897174712173527,2184.306187368316
Y9202P9U-20260914-section-1,#Q0GVLRRU,Cobrito❤️Moni,#Y9202P9U,Galactic Kings,0,0,0,1,10.0,2783.3333333333335,14.666666666666666,14.0,190.625,1.0,0.4,2400.0,12.0,-650.0,340.3429642777023,2.3094010767585034,9864,9790.666666666666,1.0,Reliable High Performer,True,ml_model,1,2035.4313113961805,0.7537877952377667,1.0,12.532924963924964,190.625,2389.0888212481964,1800.8659951958728,2212.2600663221883,0.7754484252585274,2275.830937473257
Y9202P9U-20260914-section-1,#Q0JQUY8U0,|dustin|,#9VLJRY2J,Gentleman Jack,0,0,0,1,3.0,1933.3333333333333,10.666666666666666,16.0,120.83333333333331,0.6666666666666666,0.6666666666666666,2750.0,16.0,-300.0,1681.0215148335649,9.237604307034012,5091,5027.666666666667,,Not Enough History,True,ml_model,1,2359.644698501624,0.7995657228909139,1.0,13.747707912457917,120.83333333333331,1661.1813727553315,1328.2236851600373,2010.4130356284777,0.7995657228909139,2010.4130356284777
Y9202P9U-20260914-section-1,#Q0UQJ98Y,xM4rcxShadowx,#9VLJRY2J,Gentleman Jack,0,0,0,1,8.0,2416.6666666666665,16.0,16.0,151.04166666666666,1.0,1.0,2050.0,16.0,-950.0,510.7184482014854,0.0,5091,5027.666666666667,1.0,Reliable High Performer,True,ml_model,1,2299.147241295674,0.7342471387710584,1.0,12.471582491582494,151.04166666666666,1883.728605499439,1383.122338809159,2091.4379233975565,0.7342471387710584,2091.4379233975565
Y9202P9U-20260914-section-1,#Q0Y9VUQG9,Jenner8,#Y9202P9U,Galactic Kings,0,0,0,1,10.0,2450.0,16.0,16.0,153.125,1.0,0.8,2200.0,16.0,-50.0,390.51248379533274,0.0,9864,9790.666666666666,1.0,Reliable High Performer,True,ml_model,1,2086.4329311472993,0.7680150675046904,1.0,14.229489417989422,153.125,2178.89056712963,1673.420785999396,2132.661749138465,0.790084528343256,2193.945305862736
Y9202P9U-20260914-section-1,#Q9JURC8RG,reaperwarrior,#Y9202P9U,Galactic Kings,0,0,0,1,12.0,2666.6666666666665,13.333333333333334,12.0,200.0,1.0,0.2,2450.0,12.0,100.0,464.5786621588785,2.3094010767585034,9864,9790.666666666666,0.0,Inconsistent Contributor,True,ml_model,1,1956.952890548502,0.8908434398756795,1.0,11.860164400414398,200.0,2372.0328800828797,2113.1099303912474,2164.4928853156907,0.9164424616155874,2226.6911324451803
Y9202P9U-20260914-section-1,#QJ9C800UU,Lourd Game,#YV8JLPC2,ILLUMINATI 2.0,0,0,0,1,10.0,2816.6666666666665,16.0,16.0,176.04166666666666,1.0,1.0,2800.0,16.0,-200.0,175.5942292142123,0.0,4877,4890.333333333333,1.0,Reliable High Performer,True,ml_model,1,2463.582491369139,0.9927278197041388,1.0,15.981940476190479,176.04166666666666,2813.487437996032,2793.0272500867845,2638.5349646825853,0.9927278197041388,2638.5349646825853
Y9202P9U-20260914-section-1,#QJP88JCJ0,Bryan,#LUG9LVC0,37XU,0,0,0,1,10.0,2566.6666666666665,14.666666666666666,16.0,176.38888888888889,1.0,0.6,2750.0,16.0,100.0,236.29078131263043,2.3094010767585034,5037,4997.0,1.0,Reliable High Performer,True,ml_model,1,2286.910443415366,0.9355074946895432,1.0,12.968341464091464,176.38888888888889,2287.4713415828,2139.9465839382533,2287.190892499083,0.9355074946895432,2287.190892499083
Y9202P9U-20260914-section-1,#QJPGQPU,Storm,#Y9202P9U,Galactic Kings,0,0,0,1,10.0,2916.6666666666665,16.0,16.0,182.29166666666663,1.0,1.0,2150.0,16.0,-1050.0,671.4412359494562,0.0,9864,9790.666666666666,1.0,Reliable High Performer,True,ml_model,1,2547.7242458324013,0.7557192543016239,1.0,14.615843915343918,182.29166666666663,2664.346547067901,2013.4979857512606,2606.035396450151,0.7774353861764167,2680.9216826173447
Y9202P9U-20260914-section-1,#QJQG0GYUL,<c9> Hundy,#9VLJRY2J,Gentleman Jack,0,0,0,1,10.0,2083.3333333333335,10.666666666666666,16.0,130.20833333333334,0.6,0.4,3050.0,16.0,-150.0,1805.777764104247,9.237604307034012,5091,5027.666666666667,0.0,Inconsistent Contributor,True,ml_model,1,2366.2875349810415,0.6368969178020552,1.0,13.646147306397305,130.20833333333334,1776.8420971871492,1131.6652551194352,2071.5648160840956,0.6368969178020552,2071.5648160840956
Y9202P9U-20260914-section-1,#QP80Y20C8,aiko,#J29J90P,isao,0,0,0,1,10.0,2183.3333333333335,10.666666666666666,16.0,136.45833333333334,0.6,0.4,3050.0,16.0,-450.0,1904.162107944944,9.237604307034012,5098,5038.0,0.0,Inconsistent Contributor,True,ml_model,1,2476.526237205465,0.6812439824182891,1.0,13.451472703222706,136.45833333333334,1835.5655459605985,1250.4679825199994,2156.045891583032,0.6812439824182891,2156.045891583032
Y9202P9U-20260914-section-1,#QR09J88L9,ÖzilBaby,#J29J90P,isao,0,0,0,1,10.0,1833.3333333333333,10.666666666666666,16.0,114.58333333333331,0.4,0.4,2600.0,16.0,-300.0,1594.7831618540915,9.237604307034012,5098,5038.0,0.0,Inconsistent Contributor,True,ml_model,1,1906.3263141903271,0.7308324069351186,1.0,13.764773088023087,114.58333333333331,1577.2135830026452,1152.6787991165859,1741.7699485964863,0.7308324069351186,1741.769948596486
Y9202P9U-20260914-section-1,#QRG9PGP2,ANGELS ROYALE,#YV8JLPC2,ILLUMINATI 2.0,0,0,0,1,10.0,2850.0,16.0,16.0,178.125,1.0,1.0,2800.0,16.0,150.0,229.128784747792,0.0,4877,4890.333333333333,1.0,Reliable High Performer,True,ml_model,1,2488.624177004713,0.9920720222114358,1.0,15.863437710437713,178.125,2825.6748421717175,2803.2729547852755,2657.1495095882156,0.9920720222114358,2657.1495095882156
Y9202P9U-20260914-section-1,#QV9YQ2JL,Boozer✨️,#Y9202P9U,Galactic Kings,0,0,0,0,10.0,1616.6666666666667,8.0,6.0,134.72222222222223,0.8,0.0,2350.0,12.0,2350.0,1402.0817855365403,6.928203230275509,9864,9790.666666666666,0.0,Inconsistent Contributor,True,ml_model,1,1561.900197767334,0.7042164873330163,1.0,10.011758056758053,134.72222222222223,1348.8062937576822,949.8516302826995,1455.353245762508,0.7244526504587787,1497.173859475193
Y9202P9U-20260914-section-1,#QV9YY2Q88,Hukashura,#YV8JLPC2,ILLUMINATI 2.0,0,0,0,1,10.0,2700.0,16.0,16.0,168.75,1.0,1.0,3100.0,16.0,300.0,458.257569495584,0.0,4877,4890.333333333333,1.0,Reliable High Performer,True,ml_model,1,2418.2413248629136,0.939761608379113,1.0,15.870970418470419,168.75,2678.2262581168834,2516.8942159310955,2548.2337914898985,0.939761608379113,2548.2337914898985
Y9202P9U-20260914-section-1,#QYYRGJ0Q,ömer!,#9VLJRY2J,Gentleman Jack,0,0,0,1,7.0,2183.3333333333335,10.666666666666666,16.0,136.45833333333334,0.8,0.6,3300.0,16.0,50.0,1890.987396397272,9.237604307034012,5091,5027.666666666667,0.0,Inconsistent Contributor,True,ml_model,1,2714.011606697408,0.7253379415064661,1.0,13.298143458393461,136.45833333333334,1814.6424927599412,1316.229050268658,2264.3270497286744,0.7253379415064661,2264.3270497286744
Y9202P9U-20260914-section-1,#R0LL0LV0G,破壊神コッシー,#J29J90P,isao,0,0,0,1,10.0,1950.0,10.666666666666666,16.0,121.875,0.6,0.4,2700.0,16.0,-450.0,1703.672503740082,9.237604307034012,5098,5038.0,0.0,Inconsistent Contributor,True,ml_model,1,2281.0296565537355,0.7083890836554196,1.0,13.685837782587784,121.875,1667.9614797528861,1181.5657042146847,1974.4955681533108,0.7083890836554196,1974.4955681533108
Y9202P9U-20260914-section-1,#R8JUGR2GP,りりと,#J29J90P,isao,0,0,0,1,9.0,1866.6666666666667,10.666666666666666,16.0,116.66666666666669,0.6,0.4,2750.0,16.0,-100.0,1617.353805861084,9.237604307034012,5098,5038.0,0.0,Inconsistent Contributor,True,ml_model,1,2182.307153742849,0.7155708621930987,1.0,13.681770442520444,116.66666666666669,1596.2065516273854,1142.1988983862811,1889.2568526851173,0.7155708621930987,1889.2568526851173
Y9202P9U-20260914-section-1,#R8V2YVG8G,TOMMY,#LUG9LVC0,37XU,0,0,0,1,2.0,2850.0,16.0,16.0,178.125,1.0,1.0,2500.0,16.0,-700.0,494.9747468305833,0.0,5037,4997.0,,Not Enough History,False,limited_history,1,,1.0,,,,,,2850.0,1.0,2850.0
Y9202P9U-20260914-section-1,#R900QRJ0J,もも,#J29J90P,isao,0,0,0,1,10.0,1783.3333333333333,9.333333333333334,14.0,124.30555555555554,0.6,0.2,1850.0,12.0,-1650.0,1750.95212194204,8.326663997864532,5098,5038.0,0.0,Inconsistent Contributor,True,ml_model,1,2122.840843960153,0.6517514255565703,1.0,11.532221112221105,124.30555555555554,1433.5191521441511,934.2981509725964,1778.179998052152,0.6517514255565703,1778.179998052152
Y9202P9U-20260914-section-1,#RC2C8L2R8,Niclas,#9VLJRY2J,Gentleman Jack,0,0,0,1,7.0,2600.0,16.0,16.0,162.5,1.0,1.0,2900.0,16.0,-400.0,888.8194417315589,0.0,5091,5027.666666666667,1.0,Reliable High Performer,True,ml_model,1,2452.674309311771,0.7787320398826396,1.0,12.572963323713322,162.5,2043.106540103415,1591.0325236722942,2247.890424707593,0.7787320398826396,2247.890424707593
Y9202P9U-20260914-section-1,#RGGYUGG8R,弱者,#J29J90P,isao,0,0,0,1,10.0,1833.3333333333333,10.666666666666666,16.0,114.58333333333331,0.6,0.4,2500.0,16.0,-500.0,1607.2751268321592,9.237604307034012,5098,5038.0,0.0,Inconsistent Contributor,True,ml_model,1,2187.8813108874238,0.7214888156504299,1.0,13.6751461038961,114.58333333333331,1566.9438244047612,1130.5324440605464,1877.4125676460926,0.7214888156504299,1877.4125676460926
Y9202P9U-20260914-section-1,#RGPUQVQGJ,hans❤️bait,#9VLJRY2J,Gentleman Jack,0,0,2,1,8.0,2200.0,10.666666666666666,16.0,137.5,0.6,0.6,3400.0,16.0,200.0,1907.8784028338912,9.237604307034012,5091,5027.666666666667,0.0,Inconsistent Contributor,True,ml_model,1,2454.047512188218,0.7265414331398282,1.0,13.437688431938437,137.5,1847.6821593915352,1342.4176440712183,2150.8648357898765,0.7265414331398282,2150.8648357898765
Y9202P9U-20260914-section-1,#RGUP8P2VG,PPAPくん,#J29J90P,isao,0,0,0,1,10.0,2083.3333333333335,10.666666666666666,16.0,130.20833333333334,0.6,0.4,2950.0,16.0,-350.0,1812.6867719860852,9.237604307034012,5098,5038.0,0.0,Inconsistent Contributor,True,ml_model,1,2384.1206697452017,0.6659121640517944,1.0,13.533694925444925,130.20833333333334,1762.1998600839747,1173.470322320289,2073.160264914588,0.6659121640517944,2073.160264914588
Y9202P9U-20260914-section-1,#RLC920VU0,ℵΛMƎ,#Y9202P9U,Galactic Kings,0,0,0,0,3.0,1333.3333333333333,6.666666666666667,2.0,108.33333333333331,0.6666666666666666,0.3333333333333333,0.0,0.0,-400.0,1973.1531449264992,8.32666399786453,9864,9790.666666666666,,Not Enough History,True,ml_model,1,1044.249916859182,0.2757739569805207,0.0,10.275803992303988,108.33333333333331,0.0,306.9949055456728,522.124958429591,0.28369851836139587,537.1285915748863
Y9202P9U-20260914-section-1,#RP0CGY,drum 9,#LUG9LVC0,37XU,0,0,0,1,6.0,2700.0,16.0,16.0,168.75,1.0,1.0,2600.0,16.0,50.0,217.94494717703367,0.0,5037,4997.0,1.0,Reliable High Performer,True,ml_model,1,2361.196576465795,0.9644321503497497,1.0,12.618002525252528,168.75,2129.287926136364,2053.553733317453,2245.2422513010797,0.9644321503497497,2245.2422513010797
Y9202P9U-20260914-section-1,#RP8P82GPP,勇者翔のちん,#J29J90P,isao,0,0,0,1,10.0,1750.0,10.666666666666666,16.0,109.375,0.6,0.4,1950.0,16.0,-1350.0,1659.0660023037058,9.237604307034012,5098,5038.0,0.0,Inconsistent Contributor,True,ml_model,1,2211.911275504111,0.6610033969318057,1.0,13.559829966329964,109.375,1483.1064025673397,980.3383701083218,1847.5088390357255,0.6610033969318057,1847.5088390357253
Y9202P9U-20260914-section-1,#RUJ9808Y,Hobertin,#YV8JLPC2,ILLUMINATI 2.0,0,0,0,1,10.0,2650.0,16.0,16.0,165.625,1.0,1.0,2150.0,16.0,-800.0,435.88989435406734,0.0,4877,4890.333333333333,1.0,Reliable High Performer,True,ml_model,1,2482.3978369086876,0.9831869016570703,1.0,15.51591774891775,165.625,2569.8238771645024,2526.617175593727,2526.110857036595,0.9831869016570703,2526.110857036595
Y9202P9U-20260914-section-1,#RY8J0CYCP,ismael,#LUG9LVC0,37XU,0,0,0,1,10.0,2533.3333333333335,16.0,16.0,158.33333333333334,1.0,0.8,2400.0,16.0,-100.0,152.75252316519467,0.0,5037,4997.0,1.0,Reliable High Performer,True,ml_model,1,2230.341417918404,0.8342956044524806,1.0,12.864800384800384,158.33333333333334,2036.9267275933944,1699.3990154229443,2133.634072755899,0.8342956044524806,2133.634072755899
Y9202P9U-20260914-section-1,#RYU002QGP,@vegazn.ff,#YV8JLPC2,ILLUMINATI 2.0,0,0,0,1,10.0,2583.3333333333335,16.0,16.0,161.45833333333334,1.0,1.0,2900.0,16.0,750.0,388.3726732577014,0.0,4877,4890.333333333333,1.0,Reliable High Performer,True,ml_model,1,2313.66191804036,0.9703962571620629,1.0,15.6603645983646,161.45833333333334,2528.4963674442847,2453.643411215806,2421.0791427423223,0.9703962571620629,2421.0791427423223
Y9202P9U-20260914-section-1,#U0P0PJJ2R,ケビン・アンドレ,#LUG9LVC0,37XU,0,0,0,1,10.0,2033.3333333333333,10.666666666666666,8.0,127.08333333333331,0.8,0.6,2800.0,16.0,2800.0,1778.57620959388,9.237604307034012,5037,4997.0,0.0,Inconsistent Contributor,True,ml_model,1,2128.604068961355,0.7195087957618538,1.0,12.973920588670593,127.08333333333331,1648.769074810221,1186.303851506088,1888.686571885788,0.7195087957618538,1888.686571885788
Y9202P9U-20260914-section-1,#U8L88PUJU,for nothing!,#Y9202P9U,Galactic Kings,0,0,0,1,10.0,3050.0,14.666666666666666,14.0,209.375,1.0,0.4,2700.0,12.0,-350.0,350.0,2.3094010767585034,9864,9790.666666666666,1.0,Reliable High Performer,True,ml_model,1,2182.295580874013,0.8607911789816352,1.0,11.385399350649354,209.375,2383.8179890422084,2051.9694972652733,2283.0567849581107,0.8855266275665705,2348.6620503229688
Y9202P9U-20260914-section-1,#U8Q9CGYU,⚡Agustin⚡,#Y9202P9U,Galactic Kings,0,0,0,0,10.0,2983.3333333333335,14.666666666666666,14.0,203.81944444444449,1.0,0.4,2500.0,12.0,-1000.0,500.83264004389065,2.3094010767585034,9864,9790.666666666666,1.0,Reliable High Performer,True,ml_model,1,2222.2398502335814,0.8350015298489201,1.0,11.850164261664261,203.81944444444449,2415.2938963878205,2016.7740985185892,2318.766873310701,0.8589958944686358,2385.39829353864
Y9202P9U-20260914-section-1,#UC9J89QRY,RUM SHIP,#Y9202P9U,Galactic Kings,0,0,0,0,10.0,266.6666666666667,1.3333333333333333,2.0,66.66666666666667,0.4,0.0,800.0,4.0,800.0,461.8802153517006,2.3094010767585034,9864,9790.666666666666,2.0,Low-Participation Player,True,ml_model,1,498.21297789648406,0.41385904525304584,1.0,8.405699383949383,66.66666666666667,560.3799589299589,231.91831478169382,529.2964684132214,0.4257515801502762,544.5061800137888
Y9202P9U-20260914-section-1,#UCP0RPG,Flo 5,#9VLJRY2J,Gentleman Jack,0,0,0,1,7.0,2666.6666666666665,16.0,16.0,166.66666666666666,1.0,1.0,2750.0,16.0,100.0,76.37626158259734,0.0,5091,5027.666666666667,1.0,Reliable High Performer,True,ml_model,1,2272.2309678166343,0.7480455008957454,1.0,13.277572039072039,166.66666666666666,2212.928673178673,1655.3713377744978,2242.5798204976536,0.7480455008957454,2242.5798204976536
Y9202P9U-20260914-section-1,#UCPU02LC,CatchTheseHands,#LUG9LVC0,37XU,0,0,0,1,10.0,2450.0,16.0,16.0,153.125,1.0,1.0,2300.0,16.0,-100.0,180.27756377319943,0.0,5037,4997.0,1.0,Reliable High Performer,True,ml_model,1,2200.014780154757,0.8665579073659205,1.0,12.298185185185186,153.125,1883.1596064814817,1631.8668478286231,2041.5871933181193,0.8665579073659205,2041.5871933181193
Y9202P9U-20260914-section-1,#UGUU229RC,strakeey,#YV8JLPC2,ILLUMINATI 2.0,0,0,0,1,5.0,2983.3333333333335,16.0,16.0,186.45833333333337,1.0,1.0,2950.0,16.0,0.0,57.735026918962575,0.0,4877,4890.333333333333,,Not Enough History,True,ml_model,1,2532.1371794308375,0.949200999972217,1.0,15.931073593073593,186.45833333333337,2970.481430375181,2819.583944111023,2751.3093049030094,0.949200999972217,2751.3093049030094
Y9202P9U-20260914-section-1,#UJRR8QGUJ,The Iso Zo,#Y9202P9U,Galactic Kings,0,0,0,0,2.0,1750.0,8.0,8.0,109.375,0.5,0.5,0.0,0.0,-3500.0,2474.8737341529163,11.31370849898476,9864,9790.666666666666,,Not Enough History,False,limited_history,1,,0.5,,,,,,1750.0,0.514367856681686,1800.2874983859012
Y9202P9U-20260914-section-1,#UJRV020U8,Labarewski,#YV8JLPC2,ILLUMINATI 2.0,0,0,0,1,10.0,2500.0,15.333333333333334,16.0,162.5,1.0,0.8,2600.0,16.0,-200.0,360.5551275463989,1.1547005383792517,4877,4890.333333333333,1.0,Reliable High Performer,True,ml_model,1,2327.3394266944856,0.9707471088455725,1.0,15.92368253968254,162.5,2587.5984126984126,2511.903677980377,2457.468919696449,0.9707471088455725,2457.468919696449
Y9202P9U-20260914-section-1,#ULQL9L0J8,● 生命の木✨,#YV8JLPC2,ILLUMINATI 2.0,0,0,0,1,,,,,,,,,,,,,4877,4890.333333333333,,Not Enough History,False,clan_baseline,1,,0.9427314032657821,,,,,,2506.6849618802667,0.9427314032657821,2506.6849618802667
Y9202P9U-20260914-section-1,#ULV0RPYJR,Always Lucky,#Y9202P9U,Galactic Kings,0,0,0,1,10.0,1033.3333333333333,8.0,8.0,129.16666666666666,0.8,0.0,900.0,8.0,-100.0,152.75252316519467,0.0,9864,9790.666666666666,2.0,Low-Participation Player,True,ml_model,1,892.0672212822415,0.6204450111340801,1.0,8.494948902948899,129.16666666666666,1097.264233297566,680.7921194453362,994.6657272899038,0.6382739411317633,1023.2481565216765
Y9202P9U-20260914-section-1,#ULVP8GRR0,Sightless™ I 強的,#Y9202P9U,Galactic Kings,0,0,0,0,3.0,3150.0,14.666666666666666,14.0,215.625,1.0,0.6666666666666666,2700.0,12.0,-550.0,409.2676385936225,2.3094010767585034,9864,9790.666666666666,,Not Enough History,True,ml_model,1,2295.792119174706,0.7238030966575887,1.0,11.87349254449254,215.625,2560.221829906204,1853.0964886164688,2428.0069745404553,0.7446020949746622,2497.777487005118
Y9202P9U-20260914-section-1,#UQG9J00G2,Rodrigotd2,#YV8JLPC2,ILLUMINATI 2.0,0,0,0,1,10.0,3050.0,16.0,16.0,190.625,1.0,1.0,3100.0,16.0,-300.0,377.4917217635375,0.0,4877,4890.333333333333,1.0,Reliable High Performer,True,ml_model,1,2666.582096110276,0.8871022376072597,1.0,15.909840307840305,190.625,3032.813308682058,2690.4154723769307,2849.697702396167,0.8871022376072597,2849.697702396167
Y9202P9U-20260914-section-1,#UR8892990,tyutyuyu,#J29J90P,isao,0,0,1,1,2.0,2525.0,16.0,16.0,157.8125,1.0,1.0,2750.0,16.0,450.0,318.1980515339464,0.0,5098,5038.0,,Not Enough History,False,limited_history,1,,1.0,,,,,,2525.0,1.0,2525.0
Y9202P9U-20260914-section-1,#URLUVUCUJ,Zarr0x♥️サラ,#9VLJRY2J,Gentleman Jack,0,0,0,1,5.0,1916.6666666666667,10.666666666666666,16.0,119.79166666666669,0.8,0.8,2450.0,16.0,-850.0,1713.4273644754635,9.237604307034012,5091,5027.666666666667,,Not Enough History,True,ml_model,1,2583.054747762643,0.7646361147040839,1.0,13.421462962962964,119.79166666666669,1607.779417438272,1229.3662070511957,2095.4170826004574,0.7646361147040839,2095.4170826004574
Y9202P9U-20260914-section-1,#UU80U8U90,Vinola_09,#YV8JLPC2,ILLUMINATI 2.0,0,0,0,1,10.0,2750.0,16.0,16.0,171.875,1.0,1.0,2550.0,16.0,-400.0,200.0,0.0,4877,4890.333333333333,1.0,Reliable High Performer,True,ml_model,1,2447.425967452095,0.9880879258082136,1.0,15.676708994708994,171.875,2694.4343584656085,2662.3380564826675,2570.9301629588517,0.9880879258082136,2570.9301629588517
Y9202P9U-20260914-section-1,#UUVCRJYUC,EW,#LUG9LVC0,37XU,0,0,0,1,10.0,2450.0,14.0,13.0,173.75,1.0,0.6,1650.0,10.0,-1300.0,700.0,3.4641016151377544,5037,4997.0,1.0,Reliable High Performer,True,ml_model,1,2047.6129145157433,0.66444648344801,1.0,11.297804658304656,173.75,1962.9935593804341,1304.3041675614218,2005.3032369480889,0.66444648344801,2005.3032369480889
Y9202P9U-20260914-section-1,#UYPQGPJRP,Ford Android,#9VLJRY2J,Gentleman Jack,0,0,0,1,8.0,833.3333333333334,5.333333333333333,8.0,52.083333333333336,0.6,0.2,2500.0,16.0,2500.0,1443.3756729740644,9.237604307034012,5091,5027.666666666667,0.0,Inconsistent Contributor,True,ml_model,1,1788.6347770108114,0.7799399252231366,1.0,13.628112073112073,52.083333333333336,709.7975038079205,553.5994120435184,1249.2161404093658,0.7799399252231366,1249.2161404093658
Y9202P9U-20260914-section-1,#V02YCQ20G,おむ,#J29J90P,isao,0,0,1,1,10.0,1916.6666666666667,9.333333333333334,14.0,135.41666666666666,0.6,0.2,2250.0,12.0,-1250.0,1773.649721149397,8.326663997864532,5098,5038.0,0.0,Inconsistent Contributor,True,ml_model,1,2163.954888664634,0.6992380371307846,1.0,11.257786768786767,135.41666666666666,1524.491958273208,1065.982764524624,1844.2234234689208,0.6992380371307846,1844.2234234689208
Y9202P9U-20260914-section-1,#V28C029GL,GJ⚡️F3L!X2005⚡️,#9VLJRY2J,Gentleman Jack,0,0,0,1,8.0,2516.6666666666665,13.333333333333334,14.0,189.58333333333337,1.0,0.6,2900.0,16.0,500.0,340.3429642777023,2.3094010767585034,5091,5027.666666666667,1.0,Reliable High Performer,True,ml_model,1,2257.9190637951992,0.8472022408013505,1.0,13.250859427609425,189.58333333333337,2512.142099817621,2128.2924161768983,2385.03058180641,0.8472022408013505,2385.03058180641
Y9202P9U-20260914-section-1,#V2L2J9GLQ,アンちゃん,#J29J90P,isao,0,0,0,1,10.0,2300.0,10.666666666666666,16.0,143.75,0.6,0.4,3300.0,16.0,-300.0,1997.498435543818,9.237604307034012,5098,5038.0,0.0,Inconsistent Contributor,True,ml_model,1,2561.725366910998,0.696456009321443,1.0,13.545686026936027,143.75,1947.1923663720538,1356.1338248646578,2254.458866641526,0.696456009321443,2254.458866641526
Y9202P9U-20260914-section-1,#V8UCG9UVQ,chickenuuget,#LUG9LVC0,37XU,0,0,0,1,10.0,3000.0,16.0,16.0,187.5,1.0,0.8,3250.0,16.0,600.0,312.2498999199199,0.0,5037,4997.0,1.0,Reliable High Performer,True,ml_model,1,2519.9195213181597,0.9847509454334739,1.0,12.85244684944685,187.5,2409.8337842712845,2373.0860973986732,2464.876652794722,0.9847509454334739,2464.876652794722
Y9202P9U-20260914-section-1,#V9LPU9GJY,mmmmmmmmaaaammm,#9VLJRY2J,Gentleman Jack,0,0,0,1,8.0,2883.3333333333335,16.0,16.0,180.20833333333337,1.0,1.0,2750.0,16.0,0.0,230.9401076758503,0.0,5091,5027.666666666667,1.0,Reliable High Performer,True,ml_model,1,2471.08741040642,0.8214214122677226,1.0,13.194636243386247,180.20833333333337,2377.7834063602304,1953.1622037191767,2424.435408383325,0.8214214122677226,2424.435408383325
Y9202P9U-20260914-section-1,#V9V9YP2VC,caedye,#J29J90P,isao,0,0,0,1,6.0,2100.0,10.666666666666666,16.0,131.25,0.6,0.4,3000.0,16.0,-300.0,1824.8287590894656,9.237604307034012,5098,5038.0,0.0,Inconsistent Contributor,True,ml_model,1,2393.9351595467447,0.6672899434682553,1.0,13.621147306397305,131.25,1787.7755839646463,1192.964668357696,2090.8553717556956,0.6672899434682553,2090.8553717556956
Y9202P9U-20260914-section-1,#VCGCPVYCC,KingMaster3000,#9VLJRY2J,Gentleman Jack,0,0,0,1,8.0,2550.0,16.0,16.0,159.375,0.8,0.8,2650.0,16.0,-650.0,804.6738469715541,0.0,5091,5027.666666666667,0.0,Inconsistent Contributor,True,ml_model,1,2142.501171710887,0.7834214564273417,1.0,13.458562169312176,159.375,2144.9583457341278,1680.406391191012,2143.7297587225075,0.7834214564273417,2143.7297587225075
Y9202P9U-20260914-section-1,#VGCPUYRUL,をむぬ,#J29J90P,isao,0,0,0,1,1.0,2300.0,16.0,16.0,143.75,1.0,1.0,2300.0,16.0,0.0,,,5098,5038.0,,Not Enough History,False,limited_history,1,,1.0,,,,,,2300.0,1.0,2300.0
Y9202P9U-20260914-section-1,#VGCYJYQGJ,▁ ▂ ▃ ▄ ▅ ▆ █ Ⓓ,#Y9202P9U,Galactic Kings,0,0,0,0,1.0,900.0,4.0,4.0,225.0,1.0,0.0,900.0,4.0,0.0,,,9864,9790.666666666666,,Not Enough History,False,limited_history,1,,1.0,,,,,,900.0,1.0,900.0
Y9202P9U-20260914-section-1,#VJC80YJC,Floki,#9VLJRY2J,Gentleman Jack,0,0,0,1,8.0,2033.3333333333333,13.666666666666666,14.0,150.0,0.8,0.4,2400.0,16.0,0.0,635.0852961085883,2.081665999466133,5091,5027.666666666667,0.0,Inconsistent Contributor,True,ml_model,1,1779.385203404409,0.6682076571370474,1.0,13.10659042809043,150.0,1965.9885642135644,1313.6886124513737,1872.6868838089867,0.6682076571370474,1872.6868838089867
Y9202P9U-20260914-section-1,#VLQJPVV80,江口丸,#J29J90P,isao,0,0,0,1,9.0,1683.3333333333333,10.666666666666666,16.0,105.20833333333331,0.6,0.4,2650.0,16.0,250.0,1463.1586835792396,9.237604307034012,5098,5038.0,0.0,Inconsistent Contributor,True,ml_model,1,2004.6715147552727,0.6537431049877291,1.0,13.44775324675325,105.20833333333331,1414.8157061688312,924.9260127362182,1709.743610462052,0.6537431049877291,1709.743610462052
Y9202P9U-20260914-section-1,#VP8PQ2Y89,Zack,#LUG9LVC0,37XU,0,0,0,1,10.0,2666.6666666666665,16.0,16.0,166.66666666666666,1.0,0.8,2400.0,16.0,-250.0,275.3785273643051,0.0,5037,4997.0,1.0,Reliable High Performer,True,ml_model,1,2363.428008856384,0.9392783284877,1.0,12.254939153439155,166.66666666666666,2042.4898589065258,1918.4664606267995,2202.958933881455,0.9392783284877,2202.958933881455
Y9202P9U-20260914-section-1,#VQQLRRGRR,HumBleGuY,#Y9202P9U,Galactic Kings,0,0,0,0,11.0,2300.0,10.666666666666666,8.0,143.75,0.6,0.4,0.0,0.0,-3400.0,1992.4858845171275,9.237604307034012,9864,9790.666666666666,0.0,Inconsistent Contributor,True,ml_model,1,1532.5039505385607,0.6444685290568654,1.0,10.818651755651755,143.75,1555.18118987494,1002.2653338556081,1543.8425702067502,0.6629877919795575,1588.205987782383
Y9202P9U-20260914-section-1,#VQQQCRL20,あるだぎゅれる,#J29J90P,isao,0,0,4,1,1.0,2050.0,16.0,16.0,128.125,1.0,1.0,2050.0,16.0,0.0,,,5098,5038.0,,Not Enough History,False,limited_history,1,,1.0,,,,,,2050.0,1.0,2050.0
Y9202P9U-20260914-section-1,#VRQLQVJ9P,BBB I ☆◇HERA◇☆,#9VLJRY2J,Gentleman Jack,0,0,0,1,,,,,,,,,,,,,5091,5027.666666666667,,Not Enough History,False,clan_baseline,1,,0.6592902120220537,,,,,,1846.885060753144,0.6592902120220537,1846.8850607531442
Y9202P9U-20260914-section-1,#VVLV8JVGY,ギソ内ヌソ,#J29J90P,isao,0,0,3,1,2.0,3550.0,16.0,16.0,221.875,1.0,1.0,3500.0,16.0,-100.0,70.71067811865476,0.0,5098,5038.0,,Not Enough History,False,limited_history,1,,1.0,,,,,,3550.0,1.0,3550.0
Y9202P9U-20260914-section-1,#VYCL90C0R,Timbosui,#9VLJRY2J,Gentleman Jack,0,0,0,1,8.0,2250.0,10.666666666666666,16.0,140.625,0.8,0.8,3150.0,16.0,-450.0,1961.5045245933031,9.237604307034012,5091,5027.666666666667,0.0,Inconsistent Contributor,True,ml_model,1,2823.496325839976,0.7194939476020106,1.0,13.277739658489658,140.625,1867.1821394751082,1343.4262484229134,2345.339232657542,0.7194939476020106,2345.339232657542
Y9202P9U-20260914-section-1,#Y0Y2J8CRU,CHRIS,#LUG9LVC0,37XU,0,0,0,1,10.0,2483.3333333333335,16.0,16.0,155.20833333333334,1.0,0.8,2500.0,16.0,-150.0,175.5942292142123,0.0,5037,4997.0,1.0,Reliable High Performer,True,ml_model,1,2196.148737865233,0.9097575473234776,1.0,12.70226863876864,155.20833333333334,1971.4979449755494,1793.5851349742322,2083.8233414203914,0.9097575473234776,2083.8233414203914
Y9202P9U-20260914-section-1,#Y209JCGU,hog™️,#Y9202P9U,Galactic Kings,0,0,0,0,1.0,500.0,4.0,4.0,125.0,1.0,0.0,500.0,4.0,0.0,,,9864,9790.666666666666,,Not Enough History,False,limited_history,1,,1.0,,,,,,500.0,1.0,500.0
Y9202P9U-20260914-section-1,#Y2G9LJVGY,Agent,#Y9202P9U,Galactic Kings,0,0,0,1,7.0,2750.0,14.666666666666666,14.0,188.54166666666663,1.0,0.4,2400.0,12.0,-550.0,304.138126514911,2.3094010767585034,9864,9790.666666666666,1.0,Reliable High Performer,True,ml_model,1,1998.338800141551,0.8270265856106628,1.0,12.662250360750365,188.54166666666663,2387.361786766475,1974.4116671268487,2192.850293454013,0.8507917845186591,2255.863410935494
Y9202P9U-20260914-section-1,#Y992UG9P2,Seto Kaiba｜波多黎各,#Y9202P9U,Galactic Kings,0,0,0,1,10.0,2666.6666666666665,13.333333333333334,12.0,199.30555555555551,1.0,0.2,2300.0,12.0,-100.0,550.7570547286102,2.3094010767585034,9864,9790.666666666666,1.0,Reliable High Performer,True,ml_model,1,2002.1920629924475,0.8861762513786602,1.0,11.836919931919928,199.30555555555551,2359.1639030979295,2090.635024035172,2180.6779830451887,0.911641158127705,2243.3413205037914
Y9202P9U-20260914-section-1,#Y9R8GURUP,Rizzo,#LUG9LVC0,37XU,0,0,0,1,10.0,2666.6666666666665,13.333333333333334,12.0,202.08333333333337,1.0,0.6,1700.0,8.0,-1500.0,838.6497083606082,4.618802153517006,5037,4997.0,1.0,Reliable High Performer,True,ml_model,1,2075.591538938304,0.342329294438747,0.0,11.528342657342654,202.08333333333337,0.0,797.5197345204447,1037.795769469152,0.342329294438747,1037.795769469152
Y9202P9U-20260914-section-1,#YC2VCCQ8P,hog,#Y9202P9U,Galactic Kings,0,0,0,0,4.0,66.66666666666667,0.6666666666666666,1.0,33.333333333333336,0.5,0.0,200.0,2.0,200.0,115.47005383792516,1.1547005383792517,9864,9790.666666666666,,Not Enough History,True,ml_model,1,576.8157476011615,0.12195992584280053,0.0,7.825371452621451,33.333333333333336,0.0,31.81272406846935,288.4078738005808,0.12546453131363736,296.6954797938538
Y9202P9U-20260914-section-1,#YJJQYJV2R,ひろと2,#J29J90P,isao,0,0,0,1,2.0,2475.0,16.0,16.0,154.6875,1.0,1.0,2500.0,16.0,50.0,35.35533905932738,0.0,5098,5038.0,,Not Enough History,False,limited_history,1,,1.0,,,,,,2475.0,1.0,2475.0
Y9202P9U-20260914-section-1,#YJP22LJ8G,おつんぽ様,#J29J90P,isao,0,0,0,1,10.0,1950.0,10.666666666666666,16.0,121.875,0.6,0.4,2350.0,16.0,-1150.0,1783.9562774911274,9.237604307034012,5098,5038.0,0.0,Inconsistent Contributor,True,ml_model,1,2352.559651046047,0.7025804312534376,1.0,13.545358946608943,121.875,1650.8406216179649,1159.8483158670429,2001.700136332006,0.7025804312534376,2001.700136332006
Y9202P9U-20260914-section-1,#YLLQ9V9C8,Dukeypoo❤️Zo,#Y9202P9U,Galactic Kings,0,0,0,0,9.0,1408.3333333333333,6.666666666666667,6.0,141.31944444444446,0.6,0.0,2500.0,12.0,2500.0,1279.7297891872852,6.110100926607787,9864,9790.666666666666,0.0,Inconsistent Contributor,True,ml_model,1,1220.9830916181022,0.6143002976828783,1.0,10.646955146705148,141.31944444444446,1504.6217863572901,924.2896112594274,1362.8024389876962,0.6319526549561276,1401.9635392453508
Y9202P9U-20260914-section-1,#YP9L28LU,Thundrrun,#Y9202P9U,Galactic Kings,0,0,0,1,5.0,1750.0,9.333333333333334,6.0,122.2222222222222,0.8,0.2,1850.0,12.0,1850.0,1702.20445305492,8.326663997864532,9864,9790.666666666666,,Not Enough History,True,ml_model,1,1676.6701917829218,0.6592943336181657,1.0,11.20014947089947,122.2222222222222,1368.9071575543794,902.512732224952,1522.7886746686506,0.6782396266111127,1566.547093536918
Y9202P9U-20260914-section-1,#YPPUJ0LGR,Kingclash,#YV8JLPC2,ILLUMINATI 2.0,0,0,0,1,,,,,,,,,,,,,4877,4890.333333333333,,Not Enough History,False,clan_baseline,1,,0.9427314032657821,,,,,,2506.6849618802667,0.9427314032657821,2506.6849618802667
Y9202P9U-20260914-section-1,#YQ0L9GU9R,•¥Enchantica¥•,#LUG9LVC0,37XU,0,0,0,1,10.0,3000.0,16.0,16.0,187.5,1.0,0.8,3300.0,16.0,550.0,278.3882181415011,0.0,5037,4997.0,1.0,Reliable High Performer,True,ml_model,1,2509.233197052615,0.9768434629769756,1.0,12.780677008177008,187.5,2396.376939033189,2340.885147723345,2452.8050680429023,0.9768434629769756,2452.8050680429023
Y9202P9U-20260914-section-1,#YQGQP80Y,Cuttsy,#LUG9LVC0,37XU,0,0,0,1,10.0,2600.0,16.0,16.0,162.5,1.0,0.8,2500.0,16.0,150.0,312.2498999199199,0.0,5037,4997.0,1.0,Reliable High Performer,True,ml_model,1,2304.4921238945803,0.9522422074356439,1.0,12.845880711880714,162.5,2087.455615680616,1987.763343399641,2195.9738697875982,0.9522422074356439,2195.9738697875982
Y9202P9U-20260914-section-1,#YR8V98P2Q,Clasher,#LUG9LVC0,37XU,0,0,0,1,8.0,2700.0,15.666666666666666,15.5,172.29166666666666,1.0,0.6,2550.0,15.0,-650.0,444.40972086577943,0.5773502691896257,5037,4997.0,1.0,Reliable High Performer,True,ml_model,1,2363.4359786723057,0.8838345453063243,1.0,12.116968281718282,172.29166666666666,2087.652660204379,1845.1395396892756,2225.5443194383424,0.8838345453063243,2225.5443194383424
Y9202P9U-20260914-section-1,#YVL9RLC2C,guccy,#J29J90P,isao,0,0,0,1,10.0,2083.3333333333335,10.666666666666666,16.0,130.20833333333334,0.6,0.4,2750.0,16.0,-750.0,1842.7786989579984,9.237604307034012,5098,5038.0,0.0,Inconsistent Contributor,True,ml_model,1,2420.7346760814567,0.7007477190010302,1.0,13.517186988936988,130.20833333333334,1760.0503891845037,1233.3512955479164,2090.39253263298,0.7007477190010302,2090.39253263298
